Typ,Instanzindex,Anzahl_Items,Bin_Kapazitaet,LB,HC,Bins_beyond_LB,Hit_LB,Iteration,elapsed_time,constraint_checks,num_move22,num_move21,num_move11
uniform,0,250,150,100,101,1,0,1,0.03273010300472379,26925,19,1,9
uniform,0,250,150,100,101,1,0,2,0.056579750002129,42273,24,2,17
uniform,0,250,150,100,101,1,0,3,0.0849032289988827,59551,54,3,53
uniform,0,250,150,100,100,0,1,4,0.10299621298327111,75992,65,3,58
uniform,1,500,150,207,210,3,0,1,0.0822055260068737,106081,17,2,2
uniform,1,500,150,207,210,3,0,2,0.1400434880051762,166101,29,4,9
uniform,1,500,150,207,210,3,0,3,0.18685230100527406,212534,32,4,16
uniform,1,500,150,207,210,3,0,4,0.23163306998321787,259584,37,6,27
uniform,1,500,150,207,210,3,0,5,0.28743452599155717,319746,48,9,36
uniform,1,500,150,207,210,3,0,6,0.3337334810057655,367785,72,11,65
uniform,1,500,150,207,210,3,0,7,0.38971522700740024,427254,84,14,80
uniform,1,500,150,207,209,2,0,8,0.4501011800020933,478511,122,16,125
uniform,1,500,150,207,209,2,0,9,0.49710424800287,531449,129,18,131
uniform,1,500,150,207,209,2,0,10,0.5466295779915527,585608,130,19,139
uniform,1,500,150,207,209,2,0,11,0.5927990929922089,640315,137,20,150
uniform,1,500,150,207,209,2,0,12,0.6472138999961317,694965,161,21,165
uniform,1,500,150,207,209,2,0,13,0.7159203839837573,755452,177,22,172
uniform,1,500,150,207,209,2,0,14,0.7717496079858392,811378,188,23,182
uniform,1,500,150,207,209,2,0,15,0.818896537006367,863433,196,24,192
uniform,1,500,150,207,209,2,0,16,0.8640592559822835,917034,205,25,205
uniform,1,500,150,207,209,2,0,17,0.910236025985796,968988,220,26,213
uniform,1,500,150,207,209,2,0,18,0.9558318539930042,1022674,224,27,218
uniform,1,500,150,207,209,2,0,19,1.0004959059879184,1074408,233,28,235
uniform,2,500,150,198,201,3,0,1,0.07740740198642015,101353,28,0,4
uniform,2,500,150,198,201,3,0,2,0.16579688698402606,171209,49,2,14
uniform,2,500,150,198,201,3,0,3,0.20813188899774104,222249,58,3,28
uniform,2,500,150,198,200,2,0,4,0.26544000700232573,275444,107,6,53
uniform,2,500,150,198,200,2,0,5,0.31023934998665936,326302,121,7,62
uniform,2,500,150,198,200,2,0,6,0.3511157679895405,377485,125,7,68
uniform,2,500,150,198,200,2,0,7,0.4164731969940476,435507,148,10,84
uniform,2,500,150,198,200,2,0,8,0.4600017009943258,486117,158,12,92
uniform,2,500,150,198,199,1,0,9,0.5054747870017309,537235,167,13,105
uniform,2,500,150,198,199,1,0,10,0.5483229979872704,588790,171,13,109
uniform,2,500,150,198,199,1,0,11,0.6099606789939571,651072,178,13,121
uniform,2,500,150,198,199,1,0,12,0.6544820669805631,703960,185,14,125
uniform,2,500,150,198,199,1,0,13,0.6979036369884852,757642,190,14,128
uniform,2,500,150,198,199,1,0,14,0.7443419589835685,811083,195,14,129
uniform,2,500,150,198,199,1,0,15,0.7962113429966848,865860,201,14,133
uniform,2,500,150,198,199,1,0,16,0.8542753299989272,920860,211,15,142
uniform,2,500,150,198,199,1,0,17,0.9007918819843326,974035,218,16,147
uniform,2,500,150,198,199,1,0,18,0.9522564389917534,1029974,234,17,158
uniform,2,500,150,198,199,1,0,19,1.0035057369968854,1082297,246,19,162
uniform,3,250,150,97,99,2,0,1,0.023760767973726615,28511,0,0,0
uniform,3,250,150,97,98,1,0,2,0.03950708798947744,43329,7,1,3
uniform,3,250,150,97,98,1,0,3,0.06066373398061842,60367,28,2,9
uniform,3,250,150,97,98,1,0,4,0.07553649798501283,71932,38,3,11
uniform,3,250,150,97,98,1,0,5,0.09215839498210698,87269,39,4,15
uniform,3,250,150,97,98,1,0,6,0.11177428797236644,101806,52,5,27
uniform,3,250,150,97,98,1,0,7,0.12745781999547035,114394,69,7,34
uniform,3,250,150,97,98,1,0,8,0.14043879898963496,126196,71,7,37
uniform,3,250,150,97,98,1,0,9,0.15582745999563485,138849,74,8,42
uniform,3,250,150,97,98,1,0,10,0.17255198897328228,151319,75,8,47
uniform,3,250,150,97,98,1,0,11,0.18660689998068847,163418,79,8,50
uniform,3,250,150,97,98,1,0,12,0.20753345897537656,179925,82,8,55
uniform,3,250,150,97,98,1,0,13,0.2211798989737872,191316,88,9,60
uniform,3,250,150,97,98,1,0,14,0.24178353999741375,204723,101,12,68
uniform,3,250,150,97,98,1,0,15,0.25897887197788805,217825,108,12,81
uniform,3,250,150,97,98,1,0,16,0.27858337297220714,232464,118,14,97
uniform,3,250,150,97,98,1,0,17,0.2946382009831723,245877,121,14,99
uniform,3,250,150,97,98,1,0,18,0.3146466479811352,259950,130,17,112
uniform,3,250,150,97,98,1,0,19,0.33805119298631325,275294,142,20,127
uniform,3,250,150,97,98,1,0,20,0.3570477279718034,289806,156,20,144
uniform,3,250,150,97,98,1,0,21,0.37404937599785626,302157,164,21,148
uniform,3,250,150,97,98,1,0,22,0.39307353997719474,316763,175,23,159
uniform,3,250,150,97,98,1,0,23,0.41389917497872375,330223,190,24,179
uniform,3,250,150,97,98,1,0,24,0.4377246619842481,345354,198,24,184
uniform,3,250,150,97,98,1,0,25,0.4524994529783726,357919,204,24,191
uniform,3,250,150,97,98,1,0,26,0.47632269299356267,373042,214,24,198
uniform,3,250,150,97,98,1,0,27,0.49109570498694666,385894,216,24,201
uniform,3,250,150,97,98,1,0,28,0.5101219469797798,398504,221,24,208
uniform,3,250,150,97,98,1,0,29,0.5248180879862048,411242,223,25,217
uniform,3,250,150,97,98,1,0,30,0.5435952889965847,425027,228,25,219
uniform,3,250,150,97,98,1,0,31,0.5616589199926239,439483,240,27,223
uniform,3,250,150,97,98,1,0,32,0.5769544529903214,453424,249,27,231
uniform,3,250,150,97,98,1,0,33,0.5984072430001106,469224,251,27,239
uniform,3,250,150,97,98,1,0,34,0.614697561977664,483019,256,28,245
uniform,3,250,150,97,98,1,0,35,0.6366160029720049,499219,262,28,251
uniform,3,250,150,97,98,1,0,36,0.6581417829729617,513723,275,29,266
uniform,3,250,150,97,98,1,0,37,0.6737991529807914,527740,283,29,273
uniform,3,250,150,97,98,1,0,38,0.6971078999922611,542475,301,31,288
uniform,3,250,150,97,98,1,0,39,0.7111772549978923,555092,306,31,294
uniform,3,250,150,97,98,1,0,40,0.7348148689779919,572035,323,31,310
uniform,3,250,150,97,98,1,0,41,0.7502099179837387,584609,332,32,323
uniform,3,250,150,97,98,1,0,42,0.7659075619885698,597208,341,33,337
uniform,3,250,150,97,98,1,0,43,0.7827262869977858,609864,349,33,351
uniform,3,250,150,97,98,1,0,44,0.8024176719773095,623644,366,34,376
uniform,3,250,150,97,98,1,0,45,0.8180572939745616,636093,377,35,389
uniform,3,250,150,97,98,1,0,46,0.8361907899961807,648788,385,36,399
uniform,3,250,150,97,98,1,0,47,0.8565785499813501,661568,391,38,413
uniform,3,250,150,97,98,1,0,48,0.8773557719832752,675371,402,39,438
uniform,3,250,150,97,98,1,0,49,0.8931741809938103,688602,407,40,444
uniform,3,250,150,97,98,1,0,50,0.9091781149909366,701324,416,40,460
uniform,3,250,150,97,98,1,0,51,0.9242470629978925,714545,416,40,465
uniform,3,250,150,97,98,1,0,52,0.9396746979909949,727335,418,40,471
uniform,3,250,150,97,98,1,0,53,0.9698034339817241,745141,436,42,488
uniform,3,250,150,97,98,1,0,54,0.9898187199723907,758202,452,44,511
uniform,3,250,150,97,98,1,0,55,1.0083000309823547,770796,454,47,522
uniform,4,1000,150,399,403,4,0,1,0.3309144410013687,471623,7,0,19
uniform,4,1000,150,399,403,4,0,2,0.4952195630175993,682147,57,1,55
uniform,4,1000,150,399,402,3,0,3,0.6741431870032102,888412,80,4,75
uniform,4,1000,150,399,402,3,0,4,0.8329988040204626,1093036,95,4,83
uniform,4,1000,150,399,401,2,0,5,1.0006466090271715,1300221,119,8,90
uniform,5,1000,150,399,404,5,0,1,0.3290378719975706,472687,29,0,20
uniform,5,1000,150,399,403,4,0,2,0.4980243159807287,709358,38,0,36
uniform,5,1000,150,399,403,4,0,3,0.6325221000006422,881803,47,0,50
uniform,5,1000,150,399,403,4,0,4,0.821020609990228,1087109,50,4,51
uniform,5,1000,150,399,403,4,0,5,0.9924042919883505,1290420,81,6,69
uniform,5,1000,150,399,403,4,0,6,1.1437972949934192,1495012,92,7,83
uniform,6,1000,150,394,399,5,0,1,0.3453819559945259,464791,11,0,2
uniform,6,1000,150,394,399,5,0,2,0.504479729977902,668999,40,2,4
uniform,6,1000,150,394,399,5,0,3,0.6656669749936555,872289,48,4,9
uniform,6,1000,150,394,399,5,0,4,0.8260130509734154,1071751,59,4,19
uniform,6,1000,150,394,399,5,0,5,0.9905903239850886,1272827,78,4,33
uniform,6,1000,150,394,398,4,0,6,1.152933804987697,1477024,106,6,56
uniform,7,500,150,196,199,3,0,1,0.08929501700913534,118216,24,0,21
uniform,7,500,150,196,199,3,0,2,0.13195311100571416,162789,41,0,38
uniform,7,500,150,196,199,3,0,3,0.21447167999576777,224643,50,3,48
uniform,7,500,150,196,199,3,0,4,0.2726922270085197,277526,78,4,64
uniform,7,500,150,196,199,3,0,5,0.3205440000165254,328002,90,5,79
uniform,7,500,150,196,199,3,0,6,0.36871648000669666,378521,99,6,96
uniform,7,500,150,196,199,3,0,7,0.42052289500134066,430812,112,7,106
uniform,7,500,150,196,199,3,0,8,0.4687207870010752,481183,121,8,119
uniform,7,500,150,196,199,3,0,9,0.5170595330127981,531239,129,8,136
uniform,7,500,150,196,199,3,0,10,0.5691808609990403,581950,146,8,153
uniform,7,500,150,196,199,3,0,11,0.6316739890025929,632673,171,10,176
uniform,7,500,150,196,199,3,0,12,0.6859565899940208,683781,187,12,212
uniform,7,500,150,196,198,2,0,13,0.732481318002101,734627,189,12,232
uniform,7,500,150,196,198,2,0,14,0.7817515610076953,784282,199,13,260
uniform,7,500,150,196,197,1,0,15,0.8427648390061222,834779,218,15,283
uniform,7,500,150,196,197,1,0,16,0.9129718810145278,892018,222,16,300
uniform,7,500,150,196,197,1,0,17,0.9649708030046895,943130,225,17,310
uniform,7,500,150,196,197,1,0,18,1.021639053011313,994599,227,17,315
uniform,8,250,150,103,105,2,0,1,0.027963948989054188,26936,15,1,7
uniform,8,250,150,103,105,2,0,2,0.047580302983988076,38782,22,3,16
uniform,8,250,150,103,105,2,0,3,0.07311151799513027,54148,32,3,25
uniform,8,250,150,103,105,2,0,4,0.09369191399309784,65878,44,4,48
uniform,8,250,150,103,104,1,0,5,0.12428676398121752,79957,56,7,64
uniform,8,250,150,103,104,1,0,6,0.15029251397936605,94677,62,7,77
uniform,8,250,150,103,104,1,0,7,0.17236857797252014,108522,72,8,79
uniform,8,250,150,103,104,1,0,8,0.19871308797155507,123985,76,8,85
uniform,8,250,150,103,104,1,0,9,0.22742546699009836,139088,85,11,91
uniform,8,250,150,103,104,1,0,10,0.25170906697167084,152421,97,13,98
uniform,8,250,150,103,104,1,0,11,0.2806269229913596,166554,101,15,113
uniform,8,250,150,103,104,1,0,12,0.3100022609869484,181186,109,17,129
uniform,8,250,150,103,104,1,0,13,0.352454689971637,200674,127,17,148
uniform,8,250,150,103,104,1,0,14,0.37702782498672605,215085,138,17,154
uniform,8,250,150,103,104,1,0,15,0.40921527598402463,230257,147,19,165
uniform,8,250,150,103,104,1,0,16,0.4370709639915731,244742,156,20,173
uniform,8,250,150,103,104,1,0,17,0.466957097989507,261326,160,20,178
uniform,8,250,150,103,104,1,0,18,0.49590833799447864,275884,168,20,183
uniform,8,250,150,103,104,1,0,19,0.523936921992572,290310,174,21,195
uniform,8,250,150,103,104,1,0,20,0.5495314239815343,303667,180,21,199
uniform,8,250,150,103,104,1,0,21,0.5767734499822836,318425,190,22,205
uniform,8,250,150,103,104,1,0,22,0.6000962749822065,331988,198,22,212
uniform,8,250,150,103,104,1,0,23,0.6317410909978207,348405,206,23,228
uniform,8,250,150,103,104,1,0,24,0.6590313269989565,363099,209,23,234
uniform,8,250,150,103,104,1,0,25,0.6810752749734093,376922,214,23,237
uniform,8,250,150,103,104,1,0,26,0.7114666879933793,391737,221,24,245
uniform,8,250,150,103,104,1,0,27,0.7479353589878883,407793,241,25,253
uniform,8,250,150,103,104,1,0,28,0.7765409449930303,423637,249,26,254
uniform,8,250,150,103,104,1,0,29,0.8031317189743277,437726,256,27,263
uniform,8,250,150,103,104,1,0,30,0.830433388997335,452427,263,28,272
uniform,8,250,150,103,104,1,0,31,0.8606370549823623,469100,273,28,288
uniform,8,250,150,103,104,1,0,32,0.8897200309729669,484520,290,28,299
uniform,8,250,150,103,104,1,0,33,0.9156915499770548,498093,297,29,308
uniform,8,250,150,103,104,1,0,34,0.9411931840004399,511930,299,29,313
uniform,8,250,150,103,104,1,0,35,0.9740400609734934,526798,309,30,317
uniform,8,250,150,103,104,1,0,36,0.9999171929957811,540413,314,31,322
uniform,9,250,150,101,102,1,0,1,0.03749903099378571,30017,18,2,3
uniform,9,250,150,101,102,1,0,2,0.06282253700192086,45285,22,3,10
uniform,9,250,150,101,102,1,0,3,0.0881063140113838,60516,28,4,14
uniform,9,250,150,101,102,1,0,4,0.11692004601354711,74973,39,5,16
uniform,9,250,150,101,102,1,0,5,0.14312799900653772,88804,44,5,20
uniform,9,250,150,101,102,1,0,6,0.17694553200271912,103340,60,7,39
uniform,9,250,150,101,102,1,0,7,0.20232173200929537,116252,67,8,49
uniform,9,250,150,101,102,1,0,8,0.22991087299305946,129620,81,9,58
uniform,9,250,150,101,102,1,0,9,0.2556102980161086,143276,88,10,75
uniform,9,250,150,101,102,1,0,10,0.2857874690089375,158609,95,10,84
uniform,9,250,150,101,102,1,0,11,0.3224396540026646,174668,107,10,87
uniform,9,250,150,101,102,1,0,12,0.35677507700165734,188914,121,10,108
uniform,9,250,150,101,102,1,0,13,0.40394513300270773,207206,145,12,124
uniform,9,250,150,101,102,1,0,14,0.4305748619954102,220427,153,12,140
uniform,9,250,150,101,102,1,0,15,0.4535797300050035,233130,157,12,147
uniform,9,250,150,101,102,1,0,16,0.5010660309926607,251910,180,14,168
uniform,9,250,150,101,102,1,0,17,0.5330238360038493,265666,189,15,180
uniform,9,250,150,101,102,1,0,18,0.5588540149910841,278247,191,15,188
uniform,9,250,150,101,102,1,0,19,0.5931321289972402,291635,208,17,198
uniform,9,250,150,101,102,1,0,20,0.619045475992607,305615,209,17,204
uniform,9,250,150,101,102,1,0,21,0.6460337149910629,319263,217,18,211
uniform,9,250,150,101,102,1,0,22,0.6702063599950634,333084,221,18,216
uniform,9,250,150,101,102,1,0,23,0.6996321020124014,346285,223,18,220
uniform,9,250,150,101,102,1,0,24,0.7265689329942688,359842,232,19,231
uniform,9,250,150,101,102,1,0,25,0.7558616219903342,373319,241,20,247
uniform,9,250,150,101,102,1,0,26,0.7829940050141886,387150,245,21,253
uniform,9,250,150,101,102,1,0,27,0.8207189959939569,401201,258,22,275
uniform,9,250,150,101,102,1,0,28,0.866205799015006,416155,276,23,297
uniform,9,250,150,101,102,1,0,29,0.8960093990026508,430208,279,24,302
uniform,9,250,150,101,102,1,0,30,0.9213877189904451,442540,286,25,312
uniform,9,250,150,101,102,1,0,31,0.9474410469993018,455657,291,26,321
uniform,9,250,150,101,102,1,0,32,0.9727610480040312,469593,295,26,329
uniform,9,250,150,101,102,1,0,33,1.001764362998074,482495,303,27,344
uniform,10,120,150,49,49,0,1,1,0.016308860998833552,7931,14,4,5
uniform,11,250,150,105,107,2,0,1,0.04129798201029189,27219,24,1,7
uniform,11,250,150,105,107,2,0,2,0.08274970200727694,44257,36,5,18
uniform,11,250,150,105,106,1,0,3,0.1269041119958274,63102,73,7,47
uniform,11,250,150,105,106,1,0,4,0.16106637800112367,78993,76,7,53
uniform,11,250,150,105,106,1,0,5,0.18716712700552307,94555,82,7,56
uniform,11,250,150,105,106,1,0,6,0.21249747299589217,107973,97,7,59
uniform,11,250,150,105,106,1,0,7,0.24091498399502598,123605,101,7,66
uniform,11,250,150,105,106,1,0,8,0.26835532698896714,137264,106,8,72
uniform,11,250,150,105,106,1,0,9,0.29423527600010857,151532,112,8,82
uniform,11,250,150,105,106,1,0,10,0.3222037609957624,165820,117,9,96
uniform,11,250,150,105,106,1,0,11,0.350125825003488,179958,122,9,106
uniform,11,250,150,105,106,1,0,12,0.37682535298517905,194547,128,9,110
uniform,11,250,150,105,106,1,0,13,0.40785729698836803,210619,135,10,116
uniform,11,250,150,105,106,1,0,14,0.44754903300781734,227828,148,11,128
uniform,11,250,150,105,106,1,0,15,0.4759586050058715,241656,153,12,135
uniform,11,250,150,105,106,1,0,16,0.508309722004924,256876,159,13,144
uniform,11,250,150,105,106,1,0,17,0.5397390520083718,272027,173,13,147
uniform,11,250,150,105,106,1,0,18,0.5672578669909853,286047,183,14,153
uniform,11,250,150,105,106,1,0,19,0.5972988379944582,299792,187,15,166
uniform,11,250,150,105,106,1,0,20,0.6277169839886483,314904,202,16,178
uniform,11,250,150,105,106,1,0,21,0.6551188250014093,328787,206,16,184
uniform,11,250,150,105,106,1,0,22,0.686989112989977,344319,217,16,198
uniform,11,250,150,105,106,1,0,23,0.712808762997156,358673,221,16,202
uniform,11,250,150,105,106,1,0,24,0.7404757110052742,372573,229,16,207
uniform,11,250,150,105,106,1,0,25,0.7808791259885766,389984,250,19,215
uniform,11,250,150,105,106,1,0,26,0.8079269870067947,404239,254,20,218
uniform,11,250,150,105,106,1,0,27,0.8342981050082017,418946,270,20,219
uniform,11,250,150,105,106,1,0,28,0.8598310349916574,432772,277,21,221
uniform,11,250,150,105,106,1,0,29,0.8890585269837175,446610,282,22,230
uniform,11,250,150,105,106,1,0,30,0.9136215219914448,460164,284,23,234
uniform,11,250,150,105,106,1,0,31,0.9401757839950733,473759,292,23,240
uniform,11,250,150,105,106,1,0,32,0.9703715250070672,488027,299,23,247
uniform,11,250,150,105,106,1,0,33,0.9952861439960543,502040,300,24,248
uniform,12,250,150,105,106,1,0,1,0.04169355798512697,27027,15,1,8
uniform,12,250,150,105,106,1,0,2,0.07220346198300831,39558,25,3,10
uniform,12,250,150,105,106,1,0,3,0.10343375598313287,53320,33,4,16
uniform,12,250,150,105,106,1,0,4,0.13045972998952493,68496,33,5,23
uniform,12,250,150,105,106,1,0,5,0.15818636698531918,81244,39,6,25
uniform,12,250,150,105,106,1,0,6,0.18785215899697505,94345,41,7,31
uniform,12,250,150,105,106,1,0,7,0.21502661998965777,109516,43,8,32
uniform,12,250,150,105,106,1,0,8,0.2439712040068116,122851,48,8,34
uniform,12,250,150,105,106,1,0,9,0.2753915089997463,137867,52,8,38
uniform,12,250,150,105,106,1,0,10,0.30244609600049444,150139,61,9,48
uniform,12,250,150,105,106,1,0,11,0.3308317679911852,164360,68,9,58
uniform,12,250,150,105,106,1,0,12,0.3627533149847295,179542,70,9,60
uniform,12,250,150,105,106,1,0,13,0.3885045129864011,193627,74,9,61
uniform,12,250,150,105,106,1,0,14,0.41871503498987295,207455,83,10,71
uniform,12,250,150,105,106,1,0,15,0.4460089610074647,221061,85,11,75
uniform,12,250,150,105,106,1,0,16,0.48035879799863324,236212,91,12,80
uniform,12,250,150,105,106,1,0,17,0.5099315939878579,250574,97,13,83
uniform,12,250,150,105,106,1,0,18,0.5406568190082908,264702,105,14,95
uniform,12,250,150,105,106,1,0,19,0.5659449989907444,278601,109,14,95
uniform,12,250,150,105,106,1,0,20,0.6010183949838392,293530,117,16,113
uniform,12,250,150,105,106,1,0,21,0.6297281429870054,307756,121,17,126
uniform,12,250,150,105,106,1,0,22,0.6551158929942176,321857,122,17,133
uniform,12,250,150,105,106,1,0,23,0.6855765859945677,337251,130,17,139
uniform,12,250,150,105,106,1,0,24,0.7204414150037337,352280,136,17,152
uniform,12,250,150,105,106,1,0,25,0.76100568898255,368473,148,17,167
uniform,12,250,150,105,106,1,0,26,0.7879621979955118,382526,155,18,170
uniform,12,250,150,105,106,1,0,27,0.8138277019897941,395995,160,20,176
uniform,12,250,150,105,106,1,0,28,0.8423088369891047,409869,168,21,185
uniform,12,250,150,105,106,1,0,29,0.8677642990078311,423784,171,21,190
uniform,12,250,150,105,106,1,0,30,0.8919800029834732,437693,175,21,193
uniform,12,250,150,105,106,1,0,31,0.9206123510084581,452472,184,21,197
uniform,12,250,150,105,106,1,0,32,0.9550108420080505,468153,204,23,212
uniform,12,250,150,105,106,1,0,33,0.982315692002885,482009,207,23,215
uniform,12,250,150,105,106,1,0,34,1.0110314500052482,495683,212,24,227
uniform,13,1000,150,395,399,4,0,1,0.5322554250014946,435720,31,2,4
uniform,13,1000,150,395,399,4,0,2,0.7975484039925504,634841,48,3,8
uniform,13,1000,150,395,398,3,0,3,1.0879772240004968,835982,69,5,23
uniform,14,500,150,201,203,2,0,1,0.1655726230237633,120518,35,2,14
uniform,14,500,150,201,203,2,0,2,0.22810440402827226,164715,44,2,15
uniform,14,500,150,201,202,1,0,3,0.3308649910031818,216515,59,5,27
uniform,14,500,150,201,202,1,0,4,0.402435284020612,262280,63,6,30
uniform,14,500,150,201,202,1,0,5,0.5032803000067361,317706,75,7,37
uniform,14,500,150,201,202,1,0,6,0.5827111580001656,376251,81,8,40
uniform,14,500,150,201,202,1,0,7,0.651794574019732,422667,84,8,43
uniform,14,500,150,201,202,1,0,8,0.7533894740045071,480614,98,9,48
uniform,14,500,150,201,202,1,0,9,0.8516312720021233,533129,110,11,58
uniform,14,500,150,201,202,1,0,10,0.9314159290224779,587502,115,12,63
uniform,14,500,150,201,202,1,0,11,1.0397097240202129,643215,134,14,71
uniform,15,250,150,102,104,2,0,1,0.043648677004966885,31245,17,1,20
uniform,15,250,150,102,103,1,0,2,0.0804575450019911,48901,34,2,28
uniform,15,250,150,102,103,1,0,3,0.10842146200593561,64706,42,3,31
uniform,15,250,150,102,103,1,0,4,0.1367682069831062,80474,51,4,32
uniform,15,250,150,102,103,1,0,5,0.16468626700225286,96196,59,5,36
uniform,15,250,150,102,103,1,0,6,0.19244941699435003,111883,69,6,36
uniform,15,250,150,102,103,1,0,7,0.21939591100090183,124301,69,6,37
uniform,15,250,150,102,103,1,0,8,0.25377493200358003,140331,70,7,39
uniform,15,250,150,102,103,1,0,9,0.2919057539838832,157205,73,8,40
uniform,15,250,150,102,103,1,0,10,0.3248801300069317,173784,90,10,42
uniform,15,250,150,102,103,1,0,11,0.3496311279886868,186105,97,11,44
uniform,15,250,150,102,103,1,0,12,0.376844316982897,201195,98,12,45
uniform,15,250,150,102,103,1,0,13,0.40521517299930565,215242,102,13,47
uniform,15,250,150,102,103,1,0,14,0.4420824080007151,230453,110,14,53
uniform,15,250,150,102,103,1,0,15,0.46987196698319167,243910,116,15,55
uniform,15,250,150,102,103,1,0,16,0.5006177549948916,259290,127,17,60
uniform,15,250,150,102,103,1,0,17,0.5254960159945767,272602,128,17,61
uniform,15,250,150,102,103,1,0,18,0.5557250439887866,287239,135,18,66
uniform,15,250,150,102,103,1,0,19,0.5853035009931773,301756,142,19,67
uniform,15,250,150,102,103,1,0,20,0.6128235259966459,315910,146,20,74
uniform,15,250,150,102,103,1,0,21,0.6409769059973769,329733,148,21,77
uniform,15,250,150,102,103,1,0,22,0.6689026109816041,343921,149,21,78
uniform,15,250,150,102,103,1,0,23,0.6936354479985312,357292,151,22,81
uniform,15,250,150,102,103,1,0,24,0.7231647139997222,371871,157,23,87
uniform,15,250,150,102,103,1,0,25,0.7609620099829044,388313,169,25,98
uniform,15,250,150,102,103,1,0,26,0.7970915979822166,404069,183,27,105
uniform,15,250,150,102,103,1,0,27,0.8241222460055724,417633,190,28,113
uniform,15,250,150,102,103,1,0,28,0.8610926980036311,434194,205,28,124
uniform,15,250,150,102,103,1,0,29,0.8901651990017854,447635,212,28,142
uniform,15,250,150,102,103,1,0,30,0.9319462929852307,463624,223,29,146
uniform,15,250,150,102,103,1,0,31,0.9597474999900442,477850,233,30,154
uniform,15,250,150,102,103,1,0,32,0.9837876590027008,491742,238,30,157
uniform,15,250,150,102,103,1,0,33,1.014032100996701,506902,240,31,159
uniform,16,120,150,49,50,1,0,1,0.010584912000922486,6179,21,1,1
uniform,16,120,150,49,50,1,0,2,0.02644461501040496,9567,30,2,7
uniform,16,120,150,49,50,1,0,3,0.04051528201671317,13099,40,4,17
uniform,16,120,150,49,49,0,1,4,0.06405983801232651,17817,57,6,36
uniform,17,500,150,202,205,3,0,1,0.16571105000912212,118431,14,0,1
uniform,17,500,150,202,204,2,0,2,0.255317962000845,179860,44,1,30
uniform,17,500,150,202,204,2,0,3,0.3396673100069165,239827,58,1,41
uniform,17,500,150,202,204,2,0,4,0.45607703301357105,298868,59,1,41
uniform,17,500,150,202,203,1,0,5,0.5359384159964975,345560,81,2,60
uniform,17,500,150,202,203,1,0,6,0.6185151140089147,399234,83,3,61
uniform,17,500,150,202,203,1,0,7,0.7256021090142895,456000,93,3,66
uniform,17,500,150,202,203,1,0,8,0.8074565090064425,509436,101,5,68
uniform,17,500,150,202,203,1,0,9,0.8814169749966823,562327,105,6,75
uniform,17,500,150,202,203,1,0,10,0.958184880000772,614209,109,7,80
uniform,17,500,150,202,203,1,0,11,1.0356917140015867,667613,113,7,88
uniform,18,120,150,52,52,0,1,1,0.010568855999736115,6753,6,1,3
uniform,19,500,150,204,206,2,0,1,0.14944733199081384,120237,27,2,4
uniform,19,500,150,204,205,1,0,2,0.23601161598344333,181113,46,3,11
uniform,19,500,150,204,205,1,0,3,0.3991187269857619,253641,74,5,20
uniform,19,500,150,204,205,1,0,4,0.5126279669930227,317212,83,9,28
uniform,19,500,150,204,205,1,0,5,0.5864114819851238,368535,90,10,30
uniform,19,500,150,204,205,1,0,6,0.6825254349969327,423142,105,13,46
uniform,19,500,150,204,205,1,0,7,0.7552122809865978,476651,107,13,46
uniform,19,500,150,204,205,1,0,8,0.8312714479980059,526491,111,14,55
uniform,19,500,150,204,205,1,0,9,0.9331802929809783,584654,132,16,64
uniform,19,500,150,204,205,1,0,10,1.033113137993496,641541,164,19,74
uniform,20,120,150,52,53,1,0,1,0.010824883996974677,6897,14,2,14
uniform,20,120,150,52,53,1,0,2,0.027278453984763473,10383,18,3,20
uniform,20,120,150,52,53,1,0,3,0.0404876229877118,13925,19,4,28
uniform,20,120,150,52,53,1,0,4,0.05168869299814105,17167,21,4,34
uniform,20,120,150,52,53,1,0,5,0.06387957200058736,20695,24,4,39
uniform,20,120,150,52,53,1,0,6,0.07553137399372645,24132,28,5,46
uniform,20,120,150,52,53,1,0,7,0.08729381399462,27629,40,5,56
uniform,20,120,150,52,53,1,0,8,0.09926287099369802,31020,40,5,62
uniform,20,120,150,52,53,1,0,9,0.11057348898611963,34417,42,5,63
uniform,20,120,150,52,53,1,0,10,0.12317020900081843,37638,47,6,74
uniform,20,120,150,52,53,1,0,11,0.13404251699103042,40939,51,6,77
uniform,20,120,150,52,53,1,0,12,0.14553451098618098,44362,52,6,79
uniform,20,120,150,52,53,1,0,13,0.1577938869886566,47754,59,6,84
uniform,20,120,150,52,53,1,0,14,0.1736518609977793,51473,67,7,95
uniform,20,120,150,52,53,1,0,15,0.18785574697540142,55480,78,7,119
uniform,20,120,150,52,53,1,0,16,0.19952992798062041,59037,81,7,127
uniform,20,120,150,52,53,1,0,17,0.2112805799988564,62300,83,8,133
uniform,20,120,150,52,53,1,0,18,0.22409472899744287,65798,87,9,141
uniform,20,120,150,52,53,1,0,19,0.2363479269843083,69575,93,9,149
uniform,20,120,150,52,53,1,0,20,0.2492150529869832,73348,99,9,161
uniform,20,120,150,52,53,1,0,21,0.2616655619931407,76723,105,10,171
uniform,20,120,150,52,53,1,0,22,0.27290310099488124,79989,109,11,177
uniform,20,120,150,52,53,1,0,23,0.285608804988442,83589,119,11,191
uniform,20,120,150,52,53,1,0,24,0.29794404198764823,87039,126,11,203
uniform,20,120,150,52,53,1,0,25,0.3097962609899696,90694,134,11,215
uniform,20,120,150,52,53,1,0,26,0.3232462939922698,94439,138,12,228
uniform,20,120,150,52,53,1,0,27,0.33440572599647567,97864,143,13,229
uniform,20,120,150,52,53,1,0,28,0.3455145679763518,101226,148,14,235
uniform,20,120,150,52,53,1,0,29,0.3568902159749996,104590,150,14,245
uniform,20,120,150,52,53,1,0,30,0.3687495240010321,108005,156,14,249
uniform,20,120,150,52,53,1,0,31,0.3837813569989521,112215,163,15,261
uniform,20,120,150,52,53,1,0,32,0.3984367079974618,115905,172,15,274
uniform,20,120,150,52,53,1,0,33,0.4106559509818908,119288,176,16,280
uniform,20,120,150,52,53,1,0,34,0.42454215098405257,123274,187,16,295
uniform,20,120,150,52,53,1,0,35,0.4387097540020477,126814,197,17,311
uniform,20,120,150,52,53,1,0,36,0.450602392986184,130098,203,18,317
uniform,20,120,150,52,53,1,0,37,0.46516523099853657,133897,209,18,324
uniform,20,120,150,52,53,1,0,38,0.47749998499057256,137327,215,18,335
uniform,20,120,150,52,53,1,0,39,0.4903218559920788,140991,219,18,350
uniform,20,120,150,52,53,1,0,40,0.5015830589982215,144398,225,18,355
uniform,20,120,150,52,53,1,0,41,0.5145940489892382,148223,231,18,372
uniform,20,120,150,52,53,1,0,42,0.5281303679803386,152013,238,18,379
uniform,20,120,150,52,53,1,0,43,0.5413175229914486,155444,252,19,394
uniform,20,120,150,52,53,1,0,44,0.5568641689897049,159652,265,21,410
uniform,20,120,150,52,53,1,0,45,0.5692220969940536,162949,269,21,424
uniform,20,120,150,52,53,1,0,46,0.581452800979605,166337,272,22,433
uniform,20,120,150,52,53,1,0,47,0.5926693989895284,169659,279,22,442
uniform,20,120,150,52,53,1,0,48,0.605749547976302,173170,286,22,456
uniform,20,120,150,52,53,1,0,49,0.6167711500020232,176539,290,22,463
uniform,20,120,150,52,53,1,0,50,0.6297870549897198,180385,296,22,473
uniform,20,120,150,52,53,1,0,51,0.640554005978629,183714,299,22,481
uniform,20,120,150,52,53,1,0,52,0.6513251790020149,187003,301,22,488
uniform,20,120,150,52,53,1,0,53,0.6667004769842606,190802,309,24,495
uniform,20,120,150,52,53,1,0,54,0.6770647809898946,194054,309,24,495
uniform,20,120,150,52,53,1,0,55,0.6876653899962548,197264,311,24,498
uniform,20,120,150,52,53,1,0,56,0.6998583599925041,200666,319,24,509
uniform,20,120,150,52,53,1,0,57,0.7118998609948903,203964,324,25,518
uniform,20,120,150,52,53,1,0,58,0.7273015379905701,208281,328,25,528
uniform,20,120,150,52,53,1,0,59,0.7393846919876523,211926,331,26,535
uniform,20,120,150,52,53,1,0,60,0.7555546119983774,215980,342,26,555
uniform,20,120,150,52,53,1,0,61,0.7686908449977636,219641,348,27,568
uniform,20,120,150,52,53,1,0,62,0.7824179779854603,223322,358,27,580
uniform,20,120,150,52,53,1,0,63,0.7969298179959878,227145,371,28,599
uniform,20,120,150,52,53,1,0,64,0.807728549989406,230447,373,28,608
uniform,20,120,150,52,53,1,0,65,0.8210749499849044,233937,380,29,613
uniform,20,120,150,52,53,1,0,66,0.8324803949799389,237235,389,29,619
uniform,20,120,150,52,53,1,0,67,0.8501679489854723,241541,404,30,637
uniform,20,120,150,52,53,1,0,68,0.8613761159940623,244922,408,31,644
uniform,20,120,150,52,53,1,0,69,0.8769557909981813,248729,419,32,656
uniform,20,120,150,52,53,1,0,70,0.8886541819956619,252115,420,33,660
uniform,20,120,150,52,53,1,0,71,0.9050202060025185,256323,428,33,672
uniform,20,120,150,52,53,1,0,72,0.916469250980299,259774,432,33,680
uniform,20,120,150,52,53,1,0,73,0.927858094975818,263083,438,33,688
uniform,20,120,150,52,53,1,0,74,0.9406853769905865,266545,446,34,697
uniform,20,120,150,52,53,1,0,75,0.9516893299878575,269856,451,34,708
uniform,20,120,150,52,53,1,0,76,0.9646231829829048,273185,456,35,718
uniform,20,120,150,52,53,1,0,77,0.9798163399973419,277091,463,35,727
uniform,20,120,150,52,53,1,0,78,0.9918014009890612,280426,468,36,736
uniform,20,120,150,52,53,1,0,79,1.0041551079775672,284043,475,37,756
uniform,21,1000,150,393,397,4,0,1,0.49752212601015344,398674,30,0,1
uniform,21,1000,150,393,397,4,0,2,0.7831593760056421,601295,45,0,5
uniform,21,1000,150,393,396,3,0,3,1.1496615539945196,815055,83,2,16
uniform,22,1000,150,411,416,5,0,1,0.55068346101325,479350,8,0,18
uniform,22,1000,150,411,416,5,0,2,0.7761684459983371,660769,16,0,35
uniform,22,1000,150,411,416,5,0,3,1.0196091970137786,842065,18,3,40
uniform,23,250,150,100,101,1,0,1,0.04214488001889549,30055,30,1,6
uniform,23,250,150,100,101,1,0,2,0.06619957002112642,41498,43,2,11
uniform,23,250,150,100,101,1,0,3,0.10042829302255996,59462,48,4,14
uniform,23,250,150,100,101,1,0,4,0.12816121699870564,71078,64,5,34
uniform,23,250,150,100,101,1,0,5,0.15022925002267584,82866,65,6,34
uniform,23,250,150,100,101,1,0,6,0.17610143701313064,98384,65,6,35
uniform,23,250,150,100,101,1,0,7,0.20745962799992412,111526,77,7,47
uniform,23,250,150,100,101,1,0,8,0.24042482700315304,126492,85,8,52
uniform,23,250,150,100,101,1,0,9,0.2701670280075632,141603,102,9,58
uniform,23,250,150,100,101,1,0,10,0.30526524101151153,155986,112,10,72
uniform,23,250,150,100,101,1,0,11,0.33540831302525476,170468,119,11,78
uniform,23,250,150,100,101,1,0,12,0.3636271170107648,183394,128,13,86
uniform,23,250,150,100,101,1,0,13,0.3958143750205636,196514,133,14,93
uniform,23,250,150,100,101,1,0,14,0.4270804510160815,209959,140,16,99
uniform,23,250,150,100,101,1,0,15,0.45806833301321603,223528,145,16,103
uniform,23,250,150,100,101,1,0,16,0.498781742004212,241042,157,17,120
uniform,23,250,150,100,101,1,0,17,0.5316733630024828,255546,175,17,137
uniform,23,250,150,100,101,1,0,18,0.5587589120259508,268971,178,17,139
uniform,23,250,150,100,101,1,0,19,0.5925648090196773,282992,186,18,141
uniform,23,250,150,100,101,1,0,20,0.6199843720241915,295962,195,19,152
uniform,23,250,150,100,101,1,0,21,0.6508029270044062,310113,212,21,157
uniform,23,250,150,100,101,1,0,22,0.6863723800051957,324976,227,23,174
uniform,23,250,150,100,101,1,0,23,0.7121835060243029,338220,236,23,188
uniform,23,250,150,100,101,1,0,24,0.7444203060003929,352725,244,25,200
uniform,23,250,150,100,101,1,0,25,0.7798986470152158,367416,258,26,219
uniform,23,250,150,100,101,1,0,26,0.8096546720189508,380950,270,26,229
uniform,23,250,150,100,101,1,0,27,0.845774033019552,395775,282,27,238
uniform,23,250,150,100,101,1,0,28,0.883985649998067,413270,298,27,244
uniform,23,250,150,100,101,1,0,29,0.9187424670089968,427821,311,30,254
uniform,23,250,150,100,101,1,0,30,0.948973262013169,442448,323,30,260
uniform,23,250,150,100,101,1,0,31,0.9758209440042265,456284,328,31,265
uniform,23,250,150,100,101,1,0,32,1.001520010002423,469268,331,31,270
uniform,24,250,150,100,101,1,0,1,0.04359721299260855,29718,10,1,1
uniform,24,250,150,100,101,1,0,2,0.06920990700018592,44827,16,1,1
uniform,24,250,150,100,101,1,0,3,0.09114959900034592,56175,23,1,1
uniform,24,250,150,100,101,1,0,4,0.12995177900302224,72540,35,1,5
uniform,24,250,150,100,101,1,0,5,0.15401582000777125,83457,45,2,14
uniform,24,250,150,100,100,0,1,6,0.17996658198535442,94832,51,3,24
uniform,25,500,150,199,202,3,0,1,0.14736906898906454,111398,30,2,4
uniform,25,500,150,199,202,3,0,2,0.21796831098617986,163574,36,2,17
uniform,25,500,150,199,201,2,0,3,0.2849595799925737,215614,42,2,28
uniform,25,500,150,199,201,2,0,4,0.3719733379839454,271533,59,4,35
uniform,25,500,150,199,201,2,0,5,0.4890753439976834,329143,95,6,49
uniform,25,500,150,199,201,2,0,6,0.5585062939790078,378629,112,7,62
uniform,25,500,150,199,201,2,0,7,0.6422250119794626,431211,125,7,69
uniform,25,500,150,199,201,2,0,8,0.7499149279901758,487997,151,10,81
uniform,25,500,150,199,200,1,0,9,0.8365295559924562,540839,180,12,101
uniform,25,500,150,199,200,1,0,10,0.9071837429946754,592172,185,12,103
uniform,25,500,150,199,200,1,0,11,0.9807788360049017,644217,185,13,108
uniform,25,500,150,199,200,1,0,12,1.05980371098849,698702,189,13,112
uniform,26,250,150,105,106,1,0,1,0.036784238007385284,27255,19,1,4
uniform,26,250,150,105,106,1,0,2,0.07922590299858712,44837,32,2,8
uniform,26,250,150,105,106,1,0,3,0.10637896801927127,58519,37,3,21
uniform,26,250,150,105,105,0,1,4,0.13897520300815813,73464,50,4,26
uniform,27,120,150,48,49,1,0,1,0.010487602994544432,6501,15,1,12
uniform,27,120,150,48,49,1,0,2,0.02441933797672391,9609,19,1,20
uniform,27,120,150,48,49,1,0,3,0.03820251699653454,12918,27,3,26
uniform,27,120,150,48,49,1,0,4,0.05090142900007777,16246,32,3,29
uniform,27,120,150,48,49,1,0,5,0.06359325998346321,19830,38,3,33
uniform,27,120,150,48,49,1,0,6,0.08092722197761759,23543,56,4,44
uniform,27,120,150,48,48,0,1,7,0.09223551099421456,26818,60,5,49
uniform,28,120,150,50,50,0,1,1,0.019033510994631797,7757,2,0,3
uniform,29,500,150,204,207,3,0,1,0.153422050003428,123275,24,0,42
uniform,29,500,150,204,207,3,0,2,0.23480572798871435,170315,44,0,46
uniform,29,500,150,204,207,3,0,3,0.30916727500152774,215981,59,0,52
uniform,29,500,150,204,207,3,0,4,0.3977151009894442,275487,70,0,58
uniform,29,500,150,204,206,2,0,5,0.4815165860054549,334819,99,1,73
uniform,29,500,150,204,206,2,0,6,0.5703703369945288,398590,114,1,89
uniform,29,500,150,204,206,2,0,7,0.6454710419930052,446054,124,2,101
uniform,29,500,150,204,206,2,0,8,0.7168935869995039,493401,128,3,104
uniform,29,500,150,204,206,2,0,9,0.7826194670051336,539797,131,3,105
uniform,29,500,150,204,206,2,0,10,0.8473657440044917,586268,134,3,106
uniform,29,500,150,204,206,2,0,11,0.959807812992949,650593,141,5,113
uniform,29,500,150,204,206,2,0,12,1.036393587011844,709896,149,5,117
uniform,30,500,150,202,203,1,0,1,0.13138294100644998,110510,17,0,5
uniform,30,500,150,202,203,1,0,2,0.20830424799351022,162997,35,2,19
uniform,30,500,150,202,203,1,0,3,0.2809042379958555,214870,46,2,21
uniform,30,500,150,202,203,1,0,4,0.35873132399865426,266062,56,4,31
uniform,30,500,150,202,203,1,0,5,0.43010456100455485,316855,62,5,43
uniform,30,500,150,202,203,1,0,6,0.5042815190099645,368663,68,6,48
uniform,30,500,150,202,203,1,0,7,0.5908789160021115,425812,78,8,54
uniform,30,500,150,202,202,0,1,8,0.6746134120039642,478745,97,10,78
uniform,31,1000,150,411,416,5,0,1,0.5285331810009666,447012,30,0,3
uniform,31,1000,150,411,416,5,0,2,0.8058145009854343,656033,40,2,10
uniform,31,1000,150,411,416,5,0,3,1.0794732479844242,865913,54,2,17
uniform,32,500,150,204,207,3,0,1,0.1447556470229756,119794,28,0,5
uniform,32,500,150,204,207,3,0,2,0.24498854600824416,178236,48,0,9
uniform,32,500,150,204,206,2,0,3,0.3313477300107479,232172,67,1,31
uniform,32,500,150,204,206,2,0,4,0.40878786699613556,285046,76,1,34
uniform,32,500,150,204,206,2,0,5,0.5287109000200871,344791,85,2,40
uniform,32,500,150,204,206,2,0,6,0.6055515860207379,398602,91,3,45
uniform,32,500,150,204,206,2,0,7,0.6830843340139836,450810,98,5,54
uniform,32,500,150,204,206,2,0,8,0.7667574119986966,503564,110,5,57
uniform,32,500,150,204,206,2,0,9,0.8548068889940623,557118,128,8,77
uniform,32,500,150,204,206,2,0,10,0.9266978650121018,609249,138,10,84
uniform,32,500,150,204,206,2,0,11,1.0276925600192044,662860,151,12,110
uniform,33,500,150,198,200,2,0,1,0.15422181301983073,121200,35,1,19
uniform,33,500,150,198,200,2,0,2,0.2431432089942973,174671,44,3,19
uniform,33,500,150,198,200,2,0,3,0.3245144789980259,226591,66,4,25
uniform,33,500,150,198,200,2,0,4,0.39983252200181596,277234,75,5,36
uniform,33,500,150,198,200,2,0,5,0.50109049200546,331009,88,6,57
uniform,33,500,150,198,199,1,0,6,0.5800965870148502,382978,92,8,64
uniform,33,500,150,198,199,1,0,7,0.6580681620107498,435182,100,9,69
uniform,33,500,150,198,199,1,0,8,0.7479225780116394,491563,109,11,79
uniform,33,500,150,198,199,1,0,9,0.8309176250186283,544460,117,13,82
uniform,33,500,150,198,199,1,0,10,0.9270637629961129,602272,135,14,98
uniform,33,500,150,198,199,1,0,11,0.9994693670014385,652535,147,15,109
uniform,34,120,150,50,51,1,0,1,0.00981676098308526,7268,7,1,8
uniform,34,120,150,50,51,1,0,2,0.023758522991556674,10981,11,2,11
uniform,34,120,150,50,51,1,0,3,0.03620649300864898,14673,16,2,12
uniform,34,120,150,50,51,1,0,4,0.047331567999208346,18380,22,2,12
uniform,34,120,150,50,51,1,0,5,0.05813494700123556,22073,28,2,12
uniform,34,120,150,50,51,1,0,6,0.07248522498412058,26035,34,2,12
uniform,34,120,150,50,51,1,0,7,0.08473388498532586,29843,37,2,13
uniform,34,120,150,50,51,1,0,8,0.09831358099472709,33876,44,3,14
uniform,34,120,150,50,51,1,0,9,0.10894110600929707,37548,46,3,19
uniform,34,120,150,50,51,1,0,10,0.12018913100473583,41449,51,3,19
uniform,34,120,150,50,51,1,0,11,0.1320489549834747,44491,51,3,20
uniform,34,120,150,50,51,1,0,12,0.1434209680010099,47612,57,4,30
uniform,34,120,150,50,51,1,0,13,0.15617905399994925,51239,66,5,36
uniform,34,120,150,50,51,1,0,14,0.16861985001014546,54609,73,6,45
uniform,34,120,150,50,51,1,0,15,0.18364073100383393,58275,90,7,60
uniform,34,120,150,50,51,1,0,16,0.19497386500006542,61481,94,7,61
uniform,34,120,150,50,51,1,0,17,0.2065649529977236,64595,102,8,68
uniform,34,120,150,50,51,1,0,18,0.21783982700435445,67849,103,9,71
uniform,34,120,150,50,51,1,0,19,0.22976646100869402,71308,107,9,76
uniform,34,120,150,50,51,1,0,20,0.24538914300501347,75267,119,10,89
uniform,34,120,150,50,51,1,0,21,0.2560122059949208,78545,121,11,92
uniform,34,120,150,50,51,1,0,22,0.2688172080088407,82606,132,11,104
uniform,34,120,150,50,51,1,0,23,0.2821816969953943,86012,143,12,110
uniform,34,120,150,50,51,1,0,24,0.292640138999559,89327,147,12,112
uniform,34,120,150,50,51,1,0,25,0.3039493929827586,92646,148,12,114
uniform,34,120,150,50,51,1,0,26,0.317495085997507,96172,157,13,130
uniform,34,120,150,50,51,1,0,27,0.3303667969885282,99445,164,13,136
uniform,34,120,150,50,51,1,0,28,0.3419112589908764,102716,169,14,143
uniform,34,120,150,50,51,1,0,29,0.3554280079843011,106494,175,14,150
uniform,34,120,150,50,51,1,0,30,0.36722878500586376,110041,180,14,158
uniform,34,120,150,50,51,1,0,31,0.3788124230050016,113420,180,14,161
uniform,34,120,150,50,51,1,0,32,0.39102926300256513,117142,184,14,168
uniform,34,120,150,50,51,1,0,33,0.4014760009886231,120582,188,14,171
uniform,34,120,150,50,51,1,0,34,0.4163602920016274,124160,198,15,193
uniform,34,120,150,50,51,1,0,35,0.42822164300014265,127837,202,15,197
uniform,34,120,150,50,51,1,0,36,0.44002859501051717,131460,207,15,205
uniform,34,120,150,50,51,1,0,37,0.4525510410021525,134977,216,15,215
uniform,34,120,150,50,51,1,0,38,0.4637503429839853,138479,224,15,218
uniform,34,120,150,50,51,1,0,39,0.47477026798878796,141634,226,15,227
uniform,34,120,150,50,51,1,0,40,0.4862903190078214,145155,229,15,232
uniform,34,120,150,50,51,1,0,41,0.4975295339827426,148355,235,15,237
uniform,34,120,150,50,51,1,0,42,0.5090065849944949,151641,240,16,247
uniform,34,120,150,50,51,1,0,43,0.5202259469951969,154795,242,16,249
uniform,34,120,150,50,51,1,0,44,0.5309680589998607,158016,249,16,255
uniform,34,120,150,50,51,1,0,45,0.5444486530032009,161894,258,16,263
uniform,34,120,150,50,51,1,0,46,0.5567623910028487,165547,260,17,268
uniform,34,120,150,50,51,1,0,47,0.569141332001891,168806,269,18,277
uniform,34,120,150,50,51,1,0,48,0.581933499983279,172158,275,20,284
uniform,34,120,150,50,51,1,0,49,0.5939414259919431,175606,280,21,292
uniform,34,120,150,50,51,1,0,50,0.6059532359940931,179330,286,21,299
uniform,34,120,150,50,51,1,0,51,0.6215285939979367,183312,296,22,311
uniform,34,120,150,50,51,1,0,52,0.6345906569913495,186795,304,23,320
uniform,34,120,150,50,51,1,0,53,0.6491851460014004,190669,309,24,328
uniform,34,120,150,50,51,1,0,54,0.661830461001955,194457,314,25,339
uniform,34,120,150,50,51,1,0,55,0.6736273739952594,197910,315,25,342
uniform,34,120,150,50,51,1,0,56,0.6861444289970677,201227,317,26,349
uniform,34,120,150,50,51,1,0,57,0.7001674259954598,204431,325,28,358
uniform,34,120,150,50,51,1,0,58,0.7129115200077649,207621,331,30,371
uniform,34,120,150,50,51,1,0,59,0.7313014100072905,212207,342,34,379
uniform,34,120,150,50,51,1,0,60,0.7448506439977791,215965,349,35,388
uniform,34,120,150,50,51,1,0,61,0.7584673079836648,219742,356,36,399
uniform,34,120,150,50,51,1,0,62,0.7712678060051985,222995,361,37,410
uniform,34,120,150,50,51,1,0,63,0.783117687999038,226308,367,37,417
uniform,34,120,150,50,51,1,0,64,0.7941419770068023,229636,369,37,417
uniform,34,120,150,50,51,1,0,65,0.8062300879973918,232900,371,37,421
uniform,34,120,150,50,51,1,0,66,0.823490442999173,237745,381,37,436
uniform,34,120,150,50,51,1,0,67,0.8362863379879855,241549,384,37,438
uniform,34,120,150,50,51,1,0,68,0.8524602229881566,245421,402,38,453
uniform,34,120,150,50,51,1,0,69,0.8637173330062069,248698,406,39,463
uniform,34,120,150,50,51,1,0,70,0.8745891109865624,252009,409,39,467
uniform,34,120,150,50,51,1,0,71,0.8886267049820162,255618,415,39,473
uniform,34,120,150,50,51,1,0,72,0.9034238699823618,259173,429,41,482
uniform,34,120,150,50,51,1,0,73,0.9166074160020798,262514,437,41,490
uniform,34,120,150,50,51,1,0,74,0.9275515390036162,265781,439,41,494
uniform,34,120,150,50,51,1,0,75,0.9397588759893551,268986,444,42,502
uniform,34,120,150,50,51,1,0,76,0.9517703430028632,272341,452,43,512
uniform,34,120,150,50,51,1,0,77,0.9638603850034997,275994,462,43,517
uniform,34,120,150,50,51,1,0,78,0.9789645290002227,279972,467,43,525
uniform,34,120,150,50,51,1,0,79,0.9930721040000208,283619,475,44,532
uniform,34,120,150,50,51,1,0,80,1.0046818709815852,287311,490,44,536
uniform,35,250,150,100,101,1,0,1,0.04202459700172767,26049,8,2,11
uniform,35,250,150,100,101,1,0,2,0.07844833299168386,39810,26,4,12
uniform,35,250,150,100,100,0,1,3,0.11362684800405987,54160,51,6,26
uniform,36,250,150,102,103,1,0,1,0.03810289700049907,30010,10,1,2
uniform,36,250,150,102,103,1,0,2,0.06978126801550388,45412,32,2,7
uniform,36,250,150,102,103,1,0,3,0.1019037640071474,59442,43,2,15
uniform,36,250,150,102,103,1,0,4,0.1265330490132328,72590,45,3,22
uniform,36,250,150,102,103,1,0,5,0.15243779300362803,85359,54,4,34
uniform,36,250,150,102,103,1,0,6,0.18578863600851037,99590,72,5,45
uniform,36,250,150,102,103,1,0,7,0.22473722000722773,114591,95,6,72
uniform,36,250,150,102,103,1,0,8,0.25116422900464386,127872,103,7,83
uniform,36,250,150,102,103,1,0,9,0.2778549490030855,140869,115,8,93
uniform,36,250,150,102,103,1,0,10,0.3057797960063908,153934,118,10,104
uniform,36,250,150,102,103,1,0,11,0.34333592699840665,168307,130,12,131
uniform,36,250,150,102,103,1,0,12,0.37982678299886174,182003,142,13,150
uniform,36,250,150,102,103,1,0,13,0.4067935170023702,194961,150,14,160
uniform,36,250,150,102,102,0,1,14,0.43403379601659253,208707,158,14,175
uniform,37,120,150,49,50,1,0,1,0.015166089026024565,6732,3,0,4
uniform,37,120,150,49,50,1,0,2,0.03421245500794612,11890,8,1,15
uniform,37,120,150,49,50,1,0,3,0.04551148400059901,15272,13,2,19
uniform,37,120,150,49,50,1,0,4,0.0580544640251901,18480,20,4,26
uniform,37,120,150,49,50,1,0,5,0.0701343730033841,21892,25,4,32
uniform,37,120,150,49,50,1,0,6,0.08358015501289628,25801,33,5,49
uniform,37,120,150,49,50,1,0,7,0.0952980020083487,29262,37,6,58
uniform,37,120,150,49,50,1,0,8,0.1125991820008494,34202,43,6,66
uniform,37,120,150,49,50,1,0,9,0.12544781502219848,37390,50,7,77
uniform,37,120,150,49,50,1,0,10,0.13721547601744533,40718,52,8,93
uniform,37,120,150,49,50,1,0,11,0.14801163002266549,43939,54,8,97
uniform,37,120,150,49,50,1,0,12,0.1606489940022584,47483,59,9,101
uniform,37,120,150,49,50,1,0,13,0.17695515701780096,51628,66,11,120
uniform,37,120,150,49,50,1,0,14,0.18899038902600296,55135,70,11,129
uniform,37,120,150,49,50,1,0,15,0.20069255502312444,58224,75,12,135
uniform,37,120,150,49,50,1,0,16,0.21326959601719864,61384,81,13,147
uniform,37,120,150,49,50,1,0,17,0.22412084802635945,64645,83,13,150
uniform,37,120,150,49,50,1,0,18,0.2353192400187254,68022,87,13,156
uniform,37,120,150,49,50,1,0,19,0.246389434003504,71323,89,13,167
uniform,37,120,150,49,50,1,0,20,0.25817156000994146,74736,98,13,182
uniform,37,120,150,49,50,1,0,21,0.2677892980282195,77801,98,13,182
uniform,37,120,150,49,50,1,0,22,0.27956959800212644,81094,99,13,185
uniform,37,120,150,49,50,1,0,23,0.29089404101250693,84248,104,14,195
uniform,37,120,150,49,50,1,0,24,0.3020042890275363,87409,109,16,199
uniform,37,120,150,49,50,1,0,25,0.312655291025294,90667,112,17,202
uniform,37,120,150,49,50,1,0,26,0.32437465302064084,93967,115,19,208
uniform,37,120,150,49,50,1,0,27,0.33547649800311774,97344,116,19,211
uniform,37,120,150,49,50,1,0,28,0.3458207700168714,100658,121,19,215
uniform,37,120,150,49,50,1,0,29,0.3564409320242703,103961,123,19,215
uniform,37,120,150,49,50,1,0,30,0.36699822402442805,107264,125,19,215
uniform,37,120,150,49,50,1,0,31,0.3780169210222084,110612,127,19,216
uniform,37,120,150,49,50,1,0,32,0.38891475601121783,113825,132,19,221
uniform,37,120,150,49,50,1,0,33,0.4005224750144407,117098,135,20,226
uniform,37,120,150,49,50,1,0,34,0.412998226005584,120471,141,21,239
uniform,37,120,150,49,50,1,0,35,0.42674617600278,124256,151,23,251
uniform,37,120,150,49,50,1,0,36,0.4414035540248733,127991,155,24,261
uniform,37,120,150,49,50,1,0,37,0.45427126402501017,131309,159,25,270
uniform,37,120,150,49,50,1,0,38,0.46482615600689314,134529,162,25,272
uniform,37,120,150,49,50,1,0,39,0.4814088920247741,138574,171,29,287
uniform,37,120,150,49,50,1,0,40,0.49299882201012224,141893,175,30,290
uniform,37,120,150,49,50,1,0,41,0.5044543060066644,145078,185,31,303
uniform,37,120,150,49,50,1,0,42,0.5191620160185266,148757,195,32,308
uniform,37,120,150,49,50,1,0,43,0.5335933250025846,152759,199,33,312
uniform,37,120,150,49,50,1,0,44,0.5462655760056805,156118,199,33,314
uniform,37,120,150,49,50,1,0,45,0.5579639490169939,159369,207,34,325
uniform,37,120,150,49,50,1,0,46,0.5681541940139141,162415,212,34,329
uniform,37,120,150,49,50,1,0,47,0.5797894350253046,165644,220,35,336
uniform,37,120,150,49,50,1,0,48,0.5993735170050059,170676,233,37,361
uniform,37,120,150,49,50,1,0,49,0.6114593020174652,174344,234,37,367
uniform,37,120,150,49,50,1,0,50,0.6241446400235873,177605,240,37,375
uniform,37,120,150,49,50,1,0,51,0.6358313380042091,180696,246,37,383
uniform,37,120,150,49,50,1,0,52,0.6476488360203803,184077,249,37,394
uniform,37,120,150,49,50,1,0,53,0.6618267710146029,187531,263,39,405
uniform,37,120,150,49,50,1,0,54,0.6736637040157802,191009,268,40,415
uniform,37,120,150,49,50,1,0,55,0.6849037730135024,194062,271,40,424
uniform,37,120,150,49,50,1,0,56,0.7004949670226779,197970,280,42,439
uniform,37,120,150,49,50,1,0,57,0.7110152470122557,201250,285,42,443
uniform,37,120,150,49,50,1,0,58,0.7234934870211873,204405,293,42,457
uniform,37,120,150,49,50,1,0,59,0.7346242680214345,207534,295,42,461
uniform,37,120,150,49,50,1,0,60,0.7464735990215559,210856,298,42,467
uniform,37,120,150,49,50,1,0,61,0.7588046920136549,214273,303,42,474
uniform,37,120,150,49,50,1,0,62,0.7741838780057151,218639,313,43,484
uniform,37,120,150,49,50,1,0,63,0.7850717620167416,221823,318,43,490
uniform,37,120,150,49,50,1,0,64,0.7963968170224689,225108,319,43,494
uniform,37,120,150,49,50,1,0,65,0.8081340740027372,228294,321,44,507
uniform,37,120,150,49,50,1,0,66,0.8214013360266108,232330,328,46,511
uniform,37,120,150,49,50,1,0,67,0.8362726060149726,236485,341,47,531
uniform,37,120,150,49,50,1,0,68,0.8471718710206915,239741,343,47,537
uniform,37,120,150,49,50,1,0,69,0.8592740849999245,243467,347,47,546
uniform,37,120,150,49,50,1,0,70,0.8708712610241491,246833,347,47,550
uniform,37,120,150,49,50,1,0,71,0.8860878110281192,250537,356,48,566
uniform,37,120,150,49,50,1,0,72,0.8983926620276179,253577,362,49,582
uniform,37,120,150,49,50,1,0,73,0.9094621750118677,256783,367,49,598
uniform,37,120,150,49,50,1,0,74,0.9210418610018678,260108,372,50,602
uniform,37,120,150,49,50,1,0,75,0.9370910640282091,264231,386,51,618
uniform,37,120,150,49,50,1,0,76,0.9505246010085102,268433,396,52,622
uniform,37,120,150,49,50,1,0,77,0.9609785540087614,271584,402,52,624
uniform,37,120,150,49,50,1,0,78,0.9776541290048044,275362,409,52,627
uniform,37,120,150,49,50,1,0,79,0.9912275790120475,279083,417,52,641
uniform,37,120,150,49,50,1,0,80,1.0034227550204378,282491,427,52,652
uniform,38,120,150,46,47,1,0,1,0.012365470000077039,7018,7,1,6
uniform,38,120,150,46,47,1,0,2,0.02826254998217337,10529,13,1,7
uniform,38,120,150,46,47,1,0,3,0.04056614398723468,14121,20,2,9
uniform,38,120,150,46,47,1,0,4,0.0520452769997064,17091,24,3,12
uniform,38,120,150,46,47,1,0,5,0.06727751198923215,21118,30,5,23
uniform,38,120,150,46,47,1,0,6,0.0844971279730089,25116,55,6,39
uniform,38,120,150,46,47,1,0,7,0.09785305298282765,28486,60,6,56
uniform,38,120,150,46,47,1,0,8,0.11232587799895555,31900,63,6,59
uniform,38,120,150,46,47,1,0,9,0.13308625799254514,36727,75,7,71
uniform,38,120,150,46,47,1,0,10,0.14587657098309137,40324,79,7,75
uniform,38,120,150,46,47,1,0,11,0.16227857398916967,44742,90,7,85
uniform,38,120,150,46,47,1,0,12,0.17498701298609376,48582,92,8,91
uniform,38,120,150,46,47,1,0,13,0.18636624197824858,51585,100,8,101
uniform,38,120,150,46,47,1,0,14,0.19913797298795544,54995,106,8,109
uniform,38,120,150,46,47,1,0,15,0.21379807899938896,58331,107,9,112
uniform,38,120,150,46,47,1,0,16,0.2269577469851356,61410,116,10,125
uniform,38,120,150,46,47,1,0,17,0.2434721769823227,65182,127,11,139
uniform,38,120,150,46,47,1,0,18,0.2580614170001354,68566,135,12,154
uniform,38,120,150,46,47,1,0,19,0.270653098996263,72032,136,12,163
uniform,38,120,150,46,47,1,0,20,0.28572301898384467,75921,150,13,172
uniform,38,120,150,46,47,1,0,21,0.29803444497520104,79217,153,14,178
uniform,38,120,150,46,47,1,0,22,0.30908084599650465,82471,155,14,184
uniform,38,120,150,46,47,1,0,23,0.32490265599335544,86723,162,14,191
uniform,38,120,150,46,47,1,0,24,0.3371478629997,89887,162,15,194
uniform,38,120,150,46,47,1,0,25,0.35190562598290853,93424,176,16,209
uniform,38,120,150,46,47,1,0,26,0.3686660979874432,96651,193,19,219
uniform,38,120,150,46,47,1,0,27,0.38338947598822415,99905,198,20,230
uniform,38,120,150,46,47,1,0,28,0.4064826969988644,105088,207,20,252
uniform,38,120,150,46,47,1,0,29,0.4208747179945931,108551,215,22,256
uniform,38,120,150,46,47,1,0,30,0.43307426598039456,111625,218,23,257
uniform,38,120,150,46,46,0,1,31,0.4523569939774461,115317,232,25,273
uniform,39,1000,150,404,408,4,0,1,0.5084309019730426,443582,33,1,23
uniform,39,1000,150,404,408,4,0,2,0.7973815219884273,650694,57,3,32
uniform,39,1000,150,404,408,4,0,3,1.055778976995498,856910,61,5,41
uniform,40,1000,150,396,400,4,0,1,0.5136999209935311,441646,74,2,17
uniform,40,1000,150,396,400,4,0,2,0.7819992470031139,647076,95,2,23
uniform,40,1000,150,396,399,3,0,3,1.088402521010721,856299,120,6,40
uniform,41,1000,150,399,402,3,0,1,0.4688955059973523,404456,8,0,19
uniform,41,1000,150,399,402,3,0,2,0.772080109018134,638659,19,0,28
uniform,41,1000,150,399,402,3,0,3,1.0405378949944861,843117,32,1,50
uniform,42,500,150,200,202,2,0,1,0.15109472602489404,119658,25,2,11
uniform,42,500,150,200,202,2,0,2,0.22014512901660055,163344,34,3,19
uniform,42,500,150,200,202,2,0,3,0.2941220090142451,208743,42,4,22
uniform,42,500,150,200,202,2,0,4,0.38052701501874253,259258,49,5,30
uniform,42,500,150,200,201,1,0,5,0.45640553801786155,318300,51,6,33
uniform,42,500,150,200,201,1,0,6,0.5400064780260436,379383,55,7,40
uniform,42,500,150,200,201,1,0,7,0.6232231900212355,440189,59,7,45
uniform,42,500,150,200,201,1,0,8,0.6916234439995605,486144,61,7,47
uniform,42,500,150,200,201,1,0,9,0.7627704930200707,539748,61,7,51
uniform,42,500,150,200,201,1,0,10,0.8382033500238322,592562,66,8,55
uniform,42,500,150,200,201,1,0,11,0.9157095920236316,646791,73,9,58
uniform,42,500,150,200,201,1,0,12,0.9921666540030856,700463,77,11,61
uniform,42,500,150,200,201,1,0,13,1.0555674920033198,750876,80,11,64
uniform,43,500,150,201,204,3,0,1,0.12499627500073984,102927,21,1,10
uniform,43,500,150,201,204,3,0,2,0.1969185659836512,147319,25,3,20
uniform,43,500,150,201,203,2,0,3,0.30357699198066257,208310,36,6,35
uniform,43,500,150,201,203,2,0,4,0.3942197329888586,267328,41,6,39
uniform,43,500,150,201,203,2,0,5,0.4652645919995848,317570,46,7,51
uniform,43,500,150,201,203,2,0,6,0.5471482400025707,370423,56,8,63
uniform,43,500,150,201,203,2,0,7,0.622591163002653,423032,65,10,71
uniform,43,500,150,201,203,2,0,8,0.730038843001239,478311,90,12,96
uniform,43,500,150,201,202,1,0,9,0.8074875419843011,529275,101,12,109
uniform,43,500,150,201,202,1,0,10,0.8900705020059831,579756,102,12,114
uniform,43,500,150,201,202,1,0,11,0.9701627169852145,633424,108,12,121
uniform,43,500,150,201,202,1,0,12,1.0382747580006253,685199,112,12,124
uniform,44,250,150,101,103,2,0,1,0.04062885799794458,26267,35,1,5
uniform,44,250,150,101,103,2,0,2,0.06702631697407924,38156,40,3,10
uniform,44,250,150,101,103,2,0,3,0.09375790497870184,50171,47,4,20
uniform,44,250,150,101,103,2,0,4,0.12125740098417737,62049,53,4,23
uniform,44,250,150,101,103,2,0,5,0.14553261897526681,75441,58,6,26
uniform,44,250,150,101,103,2,0,6,0.17110488598700613,88722,68,7,34
uniform,44,250,150,101,103,2,0,7,0.1977385799982585,101826,73,8,40
uniform,44,250,150,101,103,2,0,8,0.2275586929754354,115520,88,10,54
uniform,44,250,150,101,103,2,0,9,0.2599414759897627,130506,105,11,75
uniform,44,250,150,101,103,2,0,10,0.2852159049944021,143567,115,12,90
uniform,44,250,150,101,103,2,0,11,0.3160332400002517,157504,126,13,105
uniform,44,250,150,101,103,2,0,12,0.3462694859772455,171400,148,14,127
uniform,44,250,150,101,103,2,0,13,0.3748933899914846,185689,159,15,150
uniform,44,250,150,101,103,2,0,14,0.4004797409870662,199002,166,16,160
uniform,44,250,150,101,103,2,0,15,0.42849173297872767,212900,180,17,177
uniform,44,250,150,101,103,2,0,16,0.4605070229736157,226016,198,20,191
uniform,44,250,150,101,103,2,0,17,0.48744784397422336,239209,201,22,202
uniform,44,250,150,101,103,2,0,18,0.514637751999544,252488,205,23,214
uniform,44,250,150,101,103,2,0,19,0.5486303799843881,266986,220,25,227
uniform,44,250,150,101,103,2,0,20,0.5875982649740763,280685,236,25,253
uniform,44,250,150,101,103,2,0,21,0.619537810998736,294541,249,27,282
uniform,44,250,150,101,103,2,0,22,0.6604571469943039,308408,260,28,302
uniform,44,250,150,101,103,2,0,23,0.6867234719975386,321307,267,29,314
uniform,44,250,150,101,103,2,0,24,0.7211356079787947,335611,271,30,331
uniform,44,250,150,101,103,2,0,25,0.7507821869803593,348945,286,30,353
uniform,44,250,150,101,102,1,0,26,0.7872266929771286,362652,298,31,372
uniform,44,250,150,101,102,1,0,27,0.814532086980762,376122,301,32,382
uniform,44,250,150,101,102,1,0,28,0.8403298739867751,389776,305,32,388
uniform,44,250,150,101,102,1,0,29,0.8788226259930525,406568,316,32,394
uniform,44,250,150,101,102,1,0,30,0.9087134249857627,419898,321,33,404
uniform,44,250,150,101,102,1,0,31,0.9354990359861404,433462,326,34,413
uniform,44,250,150,101,102,1,0,32,0.9633452749985736,447795,331,35,420
uniform,44,250,150,101,102,1,0,33,0.9891320149763487,461746,336,36,422
uniform,44,250,150,101,102,1,0,34,1.0152731589914765,476055,344,36,427
uniform,45,120,150,48,48,0,1,1,0.009548269998049363,6999,4,0,3
uniform,46,500,150,200,202,2,0,1,0.12671391700860113,110005,22,1,9
uniform,46,500,150,200,201,1,0,2,0.2297305350075476,168490,43,4,32
uniform,46,500,150,200,201,1,0,3,0.3186724839906674,221824,51,6,43
uniform,46,500,150,200,201,1,0,4,0.39061224699253216,273670,54,7,51
uniform,46,500,150,200,201,1,0,5,0.4691012999974191,325815,56,7,52
uniform,46,500,150,200,201,1,0,6,0.5649138829903677,381289,74,10,69
uniform,46,500,150,200,201,1,0,7,0.6430213960120454,433453,80,10,72
uniform,46,500,150,200,201,1,0,8,0.7143589229963254,484708,85,10,79
uniform,46,500,150,200,201,1,0,9,0.8011433609935921,536181,96,11,90
uniform,46,500,150,200,201,1,0,10,0.8986428529897239,590961,110,12,94
uniform,46,500,150,200,201,1,0,11,0.9923114429984707,644544,132,15,109
uniform,46,500,150,200,201,1,0,12,1.057864267990226,695594,135,16,120
uniform,47,1000,150,404,406,2,0,1,0.5530401319847442,475070,62,2,15
uniform,47,1000,150,404,406,2,0,2,0.8144236640073359,683489,81,3,24
uniform,47,1000,150,404,406,2,0,3,1.087155993009219,891320,93,5,40
uniform,48,250,150,101,102,1,0,1,0.04260374399018474,30079,16,1,2
uniform,48,250,150,101,102,1,0,2,0.06777351000346243,45317,30,1,8
uniform,48,250,150,101,102,1,0,3,0.09220409899717197,58865,43,2,10
uniform,48,250,150,101,102,1,0,4,0.11768558999756351,71981,55,3,22
uniform,48,250,150,101,102,1,0,5,0.15303913500974886,87545,75,6,50
uniform,48,250,150,101,101,0,1,6,0.1849514799832832,102352,86,7,63
uniform,49,250,150,102,103,1,0,1,0.041718999011209235,30248,13,1,8
uniform,49,250,150,102,103,1,0,2,0.07662871200591326,46053,21,1,11
uniform,49,250,150,102,103,1,0,3,0.106111183995381,59659,29,2,20
uniform,49,250,150,102,103,1,0,4,0.13634734600782394,73606,38,4,25
uniform,49,250,150,102,103,1,0,5,0.16730601899325848,87484,48,5,31
uniform,49,250,150,102,103,1,0,6,0.19438795899623074,101285,60,5,41
uniform,49,250,150,102,103,1,0,7,0.22270871099317446,114836,67,6,48
uniform,49,250,150,102,103,1,0,8,0.25432700401870534,128239,73,6,54
uniform,49,250,150,102,103,1,0,9,0.2787735369929578,141315,76,7,58
uniform,49,250,150,102,103,1,0,10,0.31049285500193946,156003,92,9,75
uniform,49,250,150,102,103,1,0,11,0.3440553540131077,171907,95,9,86
uniform,49,250,150,102,103,1,0,12,0.3695446469937451,185507,98,9,88
uniform,49,250,150,102,103,1,0,13,0.39859081999748014,199115,107,10,93
uniform,49,250,150,102,103,1,0,14,0.4283249970176257,213687,113,10,102
uniform,49,250,150,102,103,1,0,15,0.46685281200916506,231649,139,11,118
uniform,49,250,150,102,103,1,0,16,0.49747681300505064,246603,146,12,125
uniform,49,250,150,102,103,1,0,17,0.521577381005045,259916,153,12,131
uniform,49,250,150,102,103,1,0,18,0.5504632560187019,272857,164,12,137
uniform,49,250,150,102,103,1,0,19,0.5860206450161058,286593,170,13,144
uniform,49,250,150,102,102,0,1,20,0.6140747060126159,301024,175,13,150
uniform,50,250,150,99,100,1,0,1,0.04647478798869997,30112,17,1,10
uniform,50,250,150,99,100,1,0,2,0.076538402994629,43287,28,1,14
uniform,50,250,150,99,100,1,0,3,0.10231407100218348,56440,30,1,17
uniform,50,250,150,99,100,1,0,4,0.1347573449893389,70417,39,1,27
uniform,50,250,150,99,100,1,0,5,0.16605519599397667,85089,46,1,35
uniform,50,250,150,99,100,1,0,6,0.19382451800629497,98166,54,2,51
uniform,50,250,150,99,100,1,0,7,0.21800934200291522,111128,56,2,56
uniform,50,250,150,99,100,1,0,8,0.24698859700583853,124549,65,3,62
uniform,50,250,150,99,100,1,0,9,0.2702714809856843,137803,71,4,68
uniform,50,250,150,99,100,1,0,10,0.29470018998836167,150274,76,5,73
uniform,50,250,150,99,100,1,0,11,0.3237329789844807,163134,85,6,87
uniform,50,250,150,99,100,1,0,12,0.3476683530025184,176574,88,7,90
uniform,50,250,150,99,100,1,0,13,0.3882335369999055,190882,99,10,112
uniform,50,250,150,99,100,1,0,14,0.41484366299118847,203647,112,11,122
uniform,50,250,150,99,100,1,0,15,0.44531114801065996,217727,131,13,138
uniform,50,250,150,99,100,1,0,16,0.4722822309995536,230615,139,13,157
uniform,50,250,150,99,100,1,0,17,0.4994324629951734,243675,147,14,176
uniform,50,250,150,99,100,1,0,18,0.5249297060072422,256793,155,14,186
uniform,50,250,150,99,100,1,0,19,0.5503763959859498,269631,168,14,197
uniform,50,250,150,99,100,1,0,20,0.5746644739992917,282850,172,14,202
uniform,50,250,150,99,100,1,0,21,0.6019202820025384,295626,177,15,215
uniform,50,250,150,99,100,1,0,22,0.6338370679877698,309512,191,17,224
uniform,50,250,150,99,100,1,0,23,0.6601008069992531,323328,200,17,233
uniform,50,250,150,99,100,1,0,24,0.6868277530011255,336155,205,19,242
uniform,50,250,150,99,100,1,0,25,0.712284487002762,349371,211,20,252
uniform,50,250,150,99,100,1,0,26,0.7365012319933157,362500,215,20,256
uniform,50,250,150,99,100,1,0,27,0.769787069002632,377987,226,20,265
uniform,50,250,150,99,100,1,0,28,0.7951039609906729,390717,232,21,278
uniform,50,250,150,99,100,1,0,29,0.8278784620051738,404814,247,23,297
uniform,50,250,150,99,100,1,0,30,0.8529013420047704,417485,257,24,311
uniform,50,250,150,99,100,1,0,31,0.8780993889959063,430264,268,25,323
uniform,50,250,150,99,100,1,0,32,0.9051587939902674,443274,274,26,333
uniform,50,250,150,99,100,1,0,33,0.9389363859954756,457793,284,27,344
uniform,50,250,150,99,100,1,0,34,0.9698496630007867,472494,291,28,353
uniform,50,250,150,99,100,1,0,35,0.9946434419834986,485293,297,29,365
uniform,51,500,150,196,198,2,0,1,0.13221478601917624,106829,35,2,4
uniform,51,500,150,196,198,2,0,2,0.21817499899771065,156020,37,5,15
uniform,51,500,150,196,198,2,0,3,0.29822633901494555,206215,43,7,28
uniform,51,500,150,196,198,2,0,4,0.3706909720203839,256879,60,8,46
uniform,51,500,150,196,197,1,0,5,0.45546566700795665,310241,87,9,51
uniform,51,500,150,196,197,1,0,6,0.5323685010080226,361254,97,10,61
uniform,51,500,150,196,197,1,0,7,0.617417575995205,411947,103,12,68
uniform,51,500,150,196,197,1,0,8,0.6979789890174288,462949,109,12,70
uniform,51,500,150,196,197,1,0,9,0.8084293230203912,519010,119,13,77
uniform,51,500,150,196,197,1,0,10,0.9198477409954648,579373,138,14,94
uniform,51,500,150,196,197,1,0,11,1.0027484630118124,628505,139,14,97
uniform,52,250,150,102,103,1,0,1,0.03898498200578615,26108,19,1,12
uniform,52,250,150,102,103,1,0,2,0.07273832501959987,38010,28,3,17
uniform,52,250,150,102,102,0,1,3,0.1135036229970865,54113,35,5,33
uniform,53,500,150,206,209,3,0,1,0.13344524000422098,105289,25,1,9
uniform,53,500,150,206,209,3,0,2,0.25494654901558533,158970,37,3,18
uniform,53,500,150,206,208,2,0,3,0.3513440070091747,211712,63,6,42
uniform,53,500,150,206,208,2,0,4,0.4337356160103809,264719,72,6,46
uniform,53,500,150,206,208,2,0,5,0.5072629310016055,317490,81,7,59
uniform,53,500,150,206,208,2,0,6,0.5815731540205888,370476,87,8,65
uniform,53,500,150,206,208,2,0,7,0.6545368719962426,423315,91,9,73
uniform,53,500,150,206,208,2,0,8,0.7335873910051305,478055,104,10,80
uniform,53,500,150,206,207,1,0,9,0.8129221569979563,533382,108,11,92
uniform,53,500,150,206,207,1,0,10,0.8821478059981018,586010,115,11,98
uniform,53,500,150,206,207,1,0,11,0.9552452549978625,639544,117,11,103
uniform,53,500,150,206,207,1,0,12,1.0353050980193075,694617,128,11,110
uniform,54,120,150,48,49,1,0,1,0.01204955400316976,6790,11,1,9
uniform,54,120,150,48,49,1,0,2,0.028034917981131002,10876,25,2,21
uniform,54,120,150,48,49,1,0,3,0.039205601991852745,14236,30,2,25
uniform,54,120,150,48,49,1,0,4,0.053047055000206456,18466,38,3,33
uniform,54,120,150,48,49,1,0,5,0.06689710597856902,22404,46,3,40
uniform,54,120,150,48,49,1,0,6,0.07873733399901539,25871,56,3,41
uniform,54,120,150,48,49,1,0,7,0.08925327699398622,28990,63,3,43
uniform,54,120,150,48,49,1,0,8,0.10587172300438397,33581,72,4,56
uniform,54,120,150,48,49,1,0,9,0.11904713098192587,36839,78,5,59
uniform,54,120,150,48,49,1,0,10,0.133891010977095,40388,90,5,66
uniform,54,120,150,48,49,1,0,11,0.14442040197900496,43285,97,6,73
uniform,54,120,150,48,49,1,0,12,0.1596336819930002,46941,109,8,94
uniform,54,120,150,48,49,1,0,13,0.17063717599376105,49830,113,8,106
uniform,54,120,150,48,49,1,0,14,0.1897516039898619,54511,126,8,127
uniform,54,120,150,48,49,1,0,15,0.20197280999855138,57474,130,9,140
uniform,54,120,150,48,49,1,0,16,0.21456248700269498,60696,136,11,154
uniform,54,120,150,48,49,1,0,17,0.22573233299772255,63933,141,11,165
uniform,54,120,150,48,49,1,0,18,0.24017954600276425,67680,148,11,186
uniform,54,120,150,48,49,1,0,19,0.25633103898144327,71707,153,12,202
uniform,54,120,150,48,49,1,0,20,0.2691007389803417,74922,158,13,211
uniform,54,120,150,48,49,1,0,21,0.28460892400471494,78414,167,14,225
uniform,54,120,150,48,49,1,0,22,0.29728147099376656,81566,174,15,238
uniform,54,120,150,48,49,1,0,23,0.309104240994202,84602,178,15,246
uniform,54,120,150,48,49,1,0,24,0.3252274069818668,88683,191,16,268
uniform,54,120,150,48,49,1,0,25,0.3377835019782651,91824,195,17,275
uniform,54,120,150,48,49,1,0,26,0.34934759797761217,94909,201,18,285
uniform,54,120,150,48,49,1,0,27,0.3670815509976819,98427,209,19,297
uniform,54,120,150,48,49,1,0,28,0.3805362719867844,101895,214,19,307
uniform,54,120,150,48,49,1,0,29,0.3921274829772301,105323,215,20,309
uniform,54,120,150,48,49,1,0,30,0.40347751599620096,108511,217,21,314
uniform,54,120,150,48,49,1,0,31,0.41887292100000195,112155,232,23,330
uniform,54,120,150,48,49,1,0,32,0.42997544500394724,115241,240,25,337
uniform,54,120,150,48,49,1,0,33,0.446484325977508,118989,246,27,351
uniform,54,120,150,48,49,1,0,34,0.4573095329978969,122122,251,28,357
uniform,54,120,150,48,49,1,0,35,0.4722769249929115,125587,260,30,376
uniform,54,120,150,48,49,1,0,36,0.48652355300146155,129060,268,32,379
uniform,54,120,150,48,49,1,0,37,0.49950767698464915,132889,279,32,388
uniform,54,120,150,48,49,1,0,38,0.5099857960012741,136015,281,32,395
uniform,54,120,150,48,49,1,0,39,0.5216729980020318,139207,285,32,407
uniform,54,120,150,48,49,1,0,40,0.5357188459893223,142646,295,32,419
uniform,54,120,150,48,49,1,0,41,0.5488512759911828,146211,305,33,428
uniform,54,120,150,48,49,1,0,42,0.5624113100057002,149821,313,35,437
uniform,54,120,150,48,49,1,0,43,0.5733969169959892,152808,318,36,443
uniform,54,120,150,48,49,1,0,44,0.587236961000599,156069,325,36,458
uniform,54,120,150,48,49,1,0,45,0.5998171259998344,159239,332,37,466
uniform,54,120,150,48,49,1,0,46,0.6102046479936689,162328,339,37,475
uniform,54,120,150,48,49,1,0,47,0.6249077410029713,166234,350,37,492
uniform,54,120,150,48,48,0,1,48,0.6419757969852071,170411,361,39,503
uniform,55,1000,150,400,405,5,0,1,0.5174201829941012,441044,32,0,10
uniform,55,1000,150,400,404,4,0,2,0.7968611709948163,649287,51,3,28
uniform,55,1000,150,400,404,4,0,3,1.0410945909970906,848469,70,3,32
uniform,56,500,150,196,198,2,0,1,0.13406845700228587,117233,21,1,9
uniform,56,500,150,196,198,2,0,2,0.20264305599266663,167031,41,2,17
uniform,56,500,150,196,198,2,0,3,0.28032023599371314,218545,54,3,30
uniform,56,500,150,196,198,2,0,4,0.37208416100475006,272575,77,3,47
uniform,56,500,150,196,197,1,0,5,0.4579894299968146,328821,83,3,63
uniform,56,500,150,196,197,1,0,6,0.5528053200105205,383262,89,4,69
uniform,56,500,150,196,197,1,0,7,0.6366515080153476,437873,104,5,74
uniform,56,500,150,196,197,1,0,8,0.7445428450009786,497979,118,5,80
uniform,56,500,150,196,197,1,0,9,0.8159268510062248,547969,120,5,84
uniform,56,500,150,196,197,1,0,10,0.8920721540052909,597866,127,6,88
uniform,56,500,150,196,197,1,0,11,0.984360022994224,650628,146,7,99
uniform,56,500,150,196,197,1,0,12,1.0580011419951916,700734,151,8,104
uniform,57,1000,150,399,402,3,0,1,0.5802726050023921,472299,59,1,6
uniform,57,1000,150,399,402,3,0,2,0.8184483330114745,647125,96,2,12
uniform,57,1000,150,399,401,2,0,3,1.106663293991005,882616,96,4,27
uniform,58,120,150,49,50,1,0,1,0.008778257004451007,6571,7,0,7
uniform,58,120,150,49,50,1,0,2,0.02329462202033028,9764,12,0,17
uniform,58,120,150,49,50,1,0,3,0.03756441400037147,13565,26,1,30
uniform,58,120,150,49,50,1,0,4,0.05228046400588937,17340,35,2,43
uniform,58,120,150,49,50,1,0,5,0.06833461901987903,21620,47,2,59
uniform,58,120,150,49,50,1,0,6,0.08028538501821458,24781,49,2,62
uniform,58,120,150,49,50,1,0,7,0.09498278101091273,28551,60,3,76
uniform,58,120,150,49,50,1,0,8,0.10702948100515641,32126,63,4,82
uniform,58,120,150,49,50,1,0,9,0.11886412202147767,35417,68,5,92
uniform,58,120,150,49,50,1,0,10,0.13285495300078765,38972,72,5,103
uniform,58,120,150,49,50,1,0,11,0.14603400402120315,42826,75,5,108
uniform,58,120,150,49,50,1,0,12,0.16040802001953125,46204,88,7,121
uniform,58,120,150,49,50,1,0,13,0.17164099801448174,49408,95,7,132
uniform,58,120,150,49,50,1,0,14,0.18356548002338968,52674,100,8,140
uniform,58,120,150,49,50,1,0,15,0.1965275260154158,56128,107,9,154
uniform,58,120,150,49,50,1,0,16,0.2084186120191589,59389,112,10,164
uniform,58,120,150,49,50,1,0,17,0.2193786160205491,62734,116,11,172
uniform,58,120,150,49,50,1,0,18,0.2329748939955607,66646,125,12,184
uniform,58,120,150,49,50,1,0,19,0.24628012801986188,70577,135,13,190
uniform,58,120,150,49,50,1,0,20,0.25910726402071305,74152,142,13,205
uniform,58,120,150,49,50,1,0,21,0.2703481579956133,77466,143,13,208
uniform,58,120,150,49,50,1,0,22,0.28097638601320796,80772,147,13,210
uniform,58,120,150,49,50,1,0,23,0.2919389320013579,83898,151,13,221
uniform,58,120,150,49,50,1,0,24,0.3045197540195659,87302,159,15,235
uniform,58,120,150,49,50,1,0,25,0.3156001449970063,90517,163,16,244
uniform,58,120,150,49,50,1,0,26,0.3300902290211525,94645,166,17,251
uniform,58,120,150,49,50,1,0,27,0.3421586330223363,98342,169,17,256
uniform,58,120,150,49,50,1,0,28,0.35414186300477013,101596,173,17,269
uniform,58,120,150,49,50,1,0,29,0.3647889319981914,104786,177,17,273
uniform,58,120,150,49,50,1,0,30,0.37591290500131436,108026,180,17,279
uniform,58,120,150,49,50,1,0,31,0.3870583359966986,111262,186,17,283
uniform,58,120,150,49,50,1,0,32,0.40055473300162703,115091,188,17,292
uniform,58,120,150,49,50,1,0,33,0.41613577702082694,118665,202,17,309
uniform,58,120,150,49,50,1,0,34,0.43131492400425486,122873,213,18,320
uniform,58,120,150,49,50,1,0,35,0.4442219710035715,126676,215,19,331
uniform,58,120,150,49,50,1,0,36,0.4559333159995731,129927,221,19,339
uniform,58,120,150,49,50,1,0,37,0.46865013299975544,133365,227,20,349
uniform,58,120,150,49,50,1,0,38,0.4804438780120108,136620,229,20,354
uniform,58,120,150,49,50,1,0,39,0.4949974290211685,140369,238,20,372
uniform,58,120,150,49,50,1,0,40,0.5106033089978155,144794,241,21,384
uniform,58,120,150,49,50,1,0,41,0.5218681350233965,147922,245,21,399
uniform,58,120,150,49,49,0,1,42,0.5344085980032105,151513,252,22,408
uniform,59,120,150,49,50,1,0,1,0.010037025989731774,6852,5,0,2
uniform,59,120,150,49,50,1,0,2,0.02362306899158284,10493,10,1,2
uniform,59,120,150,49,50,1,0,3,0.03576928298571147,13569,19,1,8
uniform,59,120,150,49,50,1,0,4,0.04841827298514545,16625,28,2,15
uniform,59,120,150,49,50,1,0,5,0.06262067798525095,20357,35,3,35
uniform,59,120,150,49,50,1,0,6,0.07934455299982801,23964,52,5,55
uniform,59,120,150,49,50,1,0,7,0.09196121001150459,27212,57,6,63
uniform,59,120,150,49,50,1,0,8,0.10830307801370509,30869,64,7,79
uniform,59,120,150,49,50,1,0,9,0.11938230399391614,33921,67,8,88
uniform,59,120,150,49,50,1,0,10,0.13834845900419168,37715,80,8,104
uniform,59,120,150,49,50,1,0,11,0.15260240199859254,40927,86,9,110
uniform,59,120,150,49,50,1,0,12,0.16632747498806566,44163,89,10,120
uniform,59,120,150,49,49,0,1,13,0.18238305699196644,47720,103,12,135
uniform,60,1000,150,406,410,4,0,1,0.589614177995827,475024,43,0,3
uniform,60,1000,150,406,409,3,0,2,0.910818896983983,718513,126,2,14
uniform,60,1000,150,406,409,3,0,3,1.1783921659807675,900467,150,5,21
uniform,61,500,150,202,205,3,0,1,0.13822693799738772,109970,34,1,8
uniform,61,500,150,202,205,3,0,2,0.21364798198919743,161023,40,2,16
uniform,61,500,150,202,205,3,0,3,0.2973774310084991,213901,62,3,42
uniform,61,500,150,202,205,3,0,4,0.37266023200936615,264996,70,5,52
uniform,61,500,150,202,205,3,0,5,0.44991993298754096,316886,79,6,61
uniform,61,500,150,202,205,3,0,6,0.5213757769961376,368615,82,6,78
uniform,61,500,150,202,204,2,0,7,0.6169928629824426,421507,112,7,122
uniform,61,500,150,202,204,2,0,8,0.6951186500082258,473156,120,7,140
uniform,61,500,150,202,204,2,0,9,0.7713798579934519,524493,128,9,152
uniform,61,500,150,202,204,2,0,10,0.8444965509988833,576014,136,10,163
uniform,61,500,150,202,204,2,0,11,0.9199819529894739,627529,138,12,178
uniform,61,500,150,202,204,2,0,12,0.9921636639919598,678101,147,13,187
uniform,61,500,150,202,204,2,0,13,1.0624696149898227,731598,159,13,215
uniform,62,1000,150,397,400,3,0,1,0.5350509390118532,471385,70,2,15
uniform,62,1000,150,397,400,3,0,2,0.7739890899974853,645044,104,5,24
uniform,62,1000,150,397,400,3,0,3,1.0367326010018587,850155,105,6,28
uniform,63,120,150,49,50,1,0,1,0.015780273010022938,6695,4,1,7
uniform,63,120,150,49,50,1,0,2,0.030057241005124524,10066,6,1,12
uniform,63,120,150,49,50,1,0,3,0.04295204300433397,13358,8,2,22
uniform,63,120,150,49,50,1,0,4,0.055650916998274624,16400,14,3,31
uniform,63,120,150,49,50,1,0,5,0.067115793004632,19456,14,4,42
uniform,63,120,150,49,50,1,0,6,0.07893508800771087,22513,18,5,52
uniform,63,120,150,49,49,0,1,7,0.0939467950083781,26038,27,6,78
uniform,64,250,150,101,103,2,0,1,0.036182762996759266,26193,20,1,5
uniform,64,250,150,101,103,2,0,2,0.06161680098739453,39090,26,2,10
uniform,64,250,150,101,103,2,0,3,0.1015210610057693,52995,36,3,26
uniform,64,250,150,101,103,2,0,4,0.1352705039898865,68042,49,4,37
uniform,64,250,150,101,102,1,0,5,0.16202144799171947,81136,57,6,39
uniform,64,250,150,101,102,1,0,6,0.2022658469795715,98469,72,6,50
uniform,64,250,150,101,102,1,0,7,0.2337749819853343,113233,81,7,64
uniform,64,250,150,101,102,1,0,8,0.2616799490060657,127799,90,8,72
uniform,64,250,150,101,102,1,0,9,0.30326198498369195,141734,106,9,82
uniform,64,250,150,101,102,1,0,10,0.33878022598219104,156527,120,12,97
uniform,64,250,150,101,102,1,0,11,0.37386976898415014,171698,132,12,105
uniform,64,250,150,101,102,1,0,12,0.4072132160072215,188971,142,12,117
uniform,64,250,150,101,102,1,0,13,0.4312280720041599,202930,147,12,118
uniform,64,250,150,101,102,1,0,14,0.4558981779846363,216951,152,12,118
uniform,64,250,150,101,102,1,0,15,0.48300685398862697,230122,160,13,125
uniform,64,250,150,101,102,1,0,16,0.5131912099895999,245048,177,14,134
uniform,64,250,150,101,102,1,0,17,0.5482169140013866,259841,195,15,148
uniform,64,250,150,101,102,1,0,18,0.5726238939969335,273044,197,16,153
uniform,64,250,150,101,102,1,0,19,0.6051281169930007,287569,214,18,159
uniform,64,250,150,101,102,1,0,20,0.6316284030035604,300808,222,18,178
uniform,64,250,150,101,102,1,0,21,0.65850169598707,314762,228,19,188
uniform,64,250,150,101,102,1,0,22,0.6874264639918692,327815,241,20,198
uniform,64,250,150,101,102,1,0,23,0.7130571999878157,341010,245,21,210
uniform,64,250,150,101,102,1,0,24,0.7374618729809299,354097,250,21,219
uniform,64,250,150,101,102,1,0,25,0.7604277110076509,367165,254,21,224
uniform,64,250,150,101,102,1,0,26,0.7994145239936188,383472,266,22,244
uniform,64,250,150,101,102,1,0,27,0.8308436239894945,398732,274,22,253
uniform,64,250,150,101,102,1,0,28,0.8585540479980409,412296,277,23,270
uniform,64,250,150,101,102,1,0,29,0.8832322109956294,425850,279,23,275
uniform,64,250,150,101,102,1,0,30,0.9079299779841676,439491,283,23,281
uniform,64,250,150,101,101,0,1,31,0.9348768699856009,453839,286,24,287
uniform,65,1000,150,401,405,4,0,1,0.5266981720051263,435656,31,2,2
uniform,65,1000,150,401,404,3,0,2,0.8366402749961708,645927,82,4,15
uniform,65,1000,150,401,404,3,0,3,1.106568162998883,852369,91,6,30
uniform,66,120,150,48,49,1,0,1,0.008927584014600143,6166,16,1,7
uniform,66,120,150,48,49,1,0,2,0.025428242021007463,10061,22,2,20
uniform,66,120,150,48,49,1,0,3,0.038903755019418895,13584,28,3,26
uniform,66,120,150,48,49,1,0,4,0.050522222998552024,16543,30,5,32
uniform,66,120,150,48,49,1,0,5,0.06627740000840276,20083,37,6,36
uniform,66,120,150,48,49,1,0,6,0.07698460901156068,23293,40,6,42
uniform,66,120,150,48,49,1,0,7,0.09250656599760987,27505,55,7,49
uniform,66,120,150,48,49,1,0,8,0.10466989001724869,30671,60,8,55
uniform,66,120,150,48,49,1,0,9,0.11740705001284368,33723,69,9,73
uniform,66,120,150,48,49,1,0,10,0.1290815090178512,37211,79,9,79
uniform,66,120,150,48,49,1,0,11,0.14224420199752785,40971,84,10,83
uniform,66,120,150,48,49,1,0,12,0.1544610960118007,44625,91,10,92
uniform,66,120,150,48,49,1,0,13,0.17023612701450475,49031,101,12,104
uniform,66,120,150,48,49,1,0,14,0.18110721299308352,52045,111,12,115
uniform,66,120,150,48,49,1,0,15,0.19379658001707867,55220,122,13,127
uniform,66,120,150,48,49,1,0,16,0.205281543021556,58503,129,14,134
uniform,66,120,150,48,49,1,0,17,0.2204586139996536,62138,137,15,145
uniform,66,120,150,48,49,1,0,18,0.2344036860158667,65848,144,16,154
uniform,66,120,150,48,49,1,0,19,0.246043028018903,68959,148,16,155
uniform,66,120,150,48,49,1,0,20,0.2577283559949137,72216,150,17,159
uniform,66,120,150,48,48,0,1,21,0.2682265560142696,75336,154,17,168
uniform,67,120,150,52,52,0,1,1,0.00975517398910597,7425,5,0,10
uniform,68,500,150,206,207,1,0,1,0.12511927098967135,104673,18,1,11
uniform,68,500,150,206,207,1,0,2,0.2106297109858133,165716,26,1,15
uniform,68,500,150,206,207,1,0,3,0.2756128360051662,210690,51,2,36
uniform,68,500,150,206,207,1,0,4,0.3547114499961026,256486,57,5,45
uniform,68,500,150,206,207,1,0,5,0.44231281298561953,317082,61,6,54
uniform,68,500,150,206,206,0,1,6,0.5555164009856526,382160,92,10,84
uniform,69,120,150,48,49,1,0,1,0.014889271988067776,7132,12,0,5
uniform,69,120,150,48,48,0,1,2,0.0287121860019397,10008,16,0,19
uniform,70,1000,150,400,404,4,0,1,0.48071365800569765,406000,33,1,9
uniform,70,1000,150,400,404,4,0,2,0.8491095030040015,641258,42,7,14
uniform,70,1000,150,400,404,4,0,3,1.1314817859965842,873715,45,8,46
uniform,71,120,150,46,47,1,0,1,0.00943450999329798,6313,10,1,12
uniform,71,120,150,46,46,0,1,2,0.02393208400462754,9342,20,2,20
uniform,72,120,150,49,49,0,1,1,0.011659937008516863,7340,14,1,6
uniform,73,120,150,50,50,0,1,1,0.017592251009773463,8575,22,3,6
uniform,74,500,150,202,204,2,0,1,0.14739588799420744,120284,56,2,13
uniform,74,500,150,202,204,2,0,2,0.22769632798735984,180643,73,3,23
uniform,74,500,150,202,203,1,0,3,0.3192403390130494,242841,100,4,34
uniform,74,500,150,202,203,1,0,4,0.38940779300173745,288697,118,5,35
uniform,74,500,150,202,203,1,0,5,0.48237461800454184,346929,119,6,37
uniform,74,500,150,202,203,1,0,6,0.5642247340001632,400922,127,7,44
uniform,74,500,150,202,203,1,0,7,0.64266670201323,455746,138,8,47
uniform,74,500,150,202,203,1,0,8,0.7156413379998412,508203,144,8,48
uniform,74,500,150,202,203,1,0,9,0.8190116529876832,567432,155,10,57
uniform,74,500,150,202,203,1,0,10,0.8973572409886401,620173,169,11,64
uniform,74,500,150,202,203,1,0,11,0.9919056989892852,679789,180,12,70
uniform,74,500,150,202,203,1,0,12,1.0595259800029453,732546,196,13,75
uniform,75,250,150,100,101,1,0,1,0.055600396008230746,32532,26,1,5
uniform,75,250,150,100,101,1,0,2,0.08831155800726265,50183,43,4,13
uniform,75,250,150,100,101,1,0,3,0.1131033489946276,63867,52,6,16
uniform,75,250,150,100,101,1,0,4,0.13800097498460673,76225,55,6,24
uniform,75,250,150,100,101,1,0,5,0.16203638198203407,89034,63,7,38
uniform,75,250,150,100,101,1,0,6,0.18605308898258954,102429,67,7,38
uniform,75,250,150,100,101,1,0,7,0.21219693098100834,115801,72,8,47
uniform,75,250,150,100,101,1,0,8,0.23586324200732633,128462,80,9,54
uniform,75,250,150,100,100,0,1,9,0.26594133500475436,141463,91,10,73
uniform,76,1000,150,397,403,6,0,1,0.5375264949980192,435349,82,1,40
uniform,76,1000,150,397,403,6,0,2,0.8362105230044108,638059,105,4,60
uniform,76,1000,150,397,403,6,0,3,1.084338643006049,839062,109,5,81
uniform,77,250,150,105,107,2,0,1,0.04095174599206075,27782,21,1,5
uniform,77,250,150,105,107,2,0,2,0.07357478598714806,43848,26,3,11
uniform,77,250,150,105,107,2,0,3,0.09824916100478731,56011,42,3,15
uniform,77,250,150,105,107,2,0,4,0.12409580999519676,71074,42,3,29
uniform,77,250,150,105,107,2,0,5,0.14903975700144656,84320,49,4,38
uniform,77,250,150,105,107,2,0,6,0.182776947011007,98367,67,5,46
uniform,77,250,150,105,107,2,0,7,0.21175514100468718,112767,78,6,56
uniform,77,250,150,105,107,2,0,8,0.24978708100388758,127555,96,7,74
uniform,77,250,150,105,107,2,0,9,0.27422767798998393,141341,98,9,78
uniform,77,250,150,105,106,1,0,10,0.30228557498776354,155409,107,10,90
uniform,77,250,150,105,106,1,0,11,0.33184163901023567,170762,124,11,101
uniform,77,250,150,105,106,1,0,12,0.35751366801559925,184538,128,11,103
uniform,77,250,150,105,106,1,0,13,0.3810238389996812,198039,131,12,105
uniform,77,250,150,105,106,1,0,14,0.42191909899702296,215530,142,13,120
uniform,77,250,150,105,106,1,0,15,0.45697296399157494,231087,159,14,133
uniform,77,250,150,105,106,1,0,16,0.4844201490050182,245204,165,15,135
uniform,77,250,150,105,106,1,0,17,0.5177235699957237,260464,171,16,143
uniform,77,250,150,105,106,1,0,18,0.5442326290067285,274717,178,16,145
uniform,77,250,150,105,106,1,0,19,0.5694229970104061,288911,189,16,146
uniform,77,250,150,105,106,1,0,20,0.5964308939874172,303163,195,17,154
uniform,77,250,150,105,106,1,0,21,0.6295125540054869,319229,201,18,159
uniform,77,250,150,105,106,1,0,22,0.6567716150020715,332159,210,18,163
uniform,77,250,150,105,106,1,0,23,0.6859900639974512,345865,220,20,171
uniform,77,250,150,105,106,1,0,24,0.718221540999366,360990,229,20,182
uniform,77,250,150,105,106,1,0,25,0.7474550009937957,375037,237,21,190
uniform,77,250,150,105,106,1,0,26,0.7766671589924954,389492,248,21,203
uniform,77,250,150,105,106,1,0,27,0.80773141499958,404092,256,21,210
uniform,77,250,150,105,106,1,0,28,0.8458835089986678,419689,270,23,218
uniform,77,250,150,105,106,1,0,29,0.872751516988501,433566,277,24,222
uniform,77,250,150,105,106,1,0,30,0.9053597449965309,448289,290,26,225
uniform,77,250,150,105,106,1,0,31,0.9306175220117439,462398,296,26,228
uniform,77,250,150,105,106,1,0,32,0.9565718770027161,476397,298,26,237
uniform,77,250,150,105,106,1,0,33,0.9848714919935446,490709,302,26,242
uniform,77,250,150,105,106,1,0,34,1.0176250920048915,505002,311,26,248
uniform,78,1000,150,404,408,4,0,1,0.5502856649982277,473767,32,2,2
uniform,78,1000,150,404,407,3,0,2,0.8281483599857893,662433,89,7,7
uniform,78,1000,150,404,407,3,0,3,1.0744649849948473,838140,94,9,11
uniform,79,1000,150,402,407,5,0,1,0.5492287809902336,471172,33,1,10
uniform,79,1000,150,402,406,4,0,2,0.7806641909992322,648099,63,2,32
uniform,79,1000,150,402,406,4,0,3,1.0844398849876598,882442,67,5,35
